M,881-0006,28,162
M,699-1234,53,937
M,684-0024,44,076
M,500-8126,43,372
M,900-0031,48,781
W,656-0002,50,902
M,591-8046,39,185
M,869-2506,54,871
W,895-1804,59,354
W,916-0206,51,727
W,811-1113,39,004
W,753-0023,25,932
W,379-0208,30,148
W,879-0471,33,447
M,018-2638,29,074
W,270-0106,21,310
M,700-0817,25,680
M,400-0813,53,944
M,243-0034,31,770
W,270-1171,44,898
W,321-4402,26,317
W,719-0241,32,586
W,680-0453,40,170
W,187-0034,59,330
M,400-0318,30,107
W,951-8067,30,749
M,367-0222,55,765
W,799-2308,43,995
M,348-0064,38,743
M,663-8137,28,881
M,929-0311,57,334
M,830-1107,22,754
W,515-1302,23,655
W,424-0053,47,778
W,753-0036,21,890
W,394-0034,28,209
M,878-0022,22,757
M,340-0146,26,285
W,849-2202,30,303
M,085-0004,59,307
M,989-0625,50,369
M,527-0052,30,347
W,027-0111,28,729
W,417-0062,37,613
W,808-0104,37,380
W,701-1341,47,043
W,418-0105,35,367
W,879-7874,20,876
M,627-0142,42,913
W,355-0352,59,148
M,350-0136,44,448
M,790-0934,43,525
W,969-6544,44,620
M,013-0452,50,497
M,963-7766,42,207
W,779-4801,52,776
M,766-0003,40,188
W,299-4121,48,104
W,856-0832,35,855
M,567-0058,31,263
W,910-0331,55,188
M,290-0059,36,770
M,714-1404,25,297
M,277-0085,43,997
W,847-1444,22,694
M,329-2748,55,268
W,811-5556,31,813
M,737-2313,51,714
M,036-0387,58,701
W,637-1557,20,482
W,639-1015,36,137
W,319-1713,53,394
W,573-0143,47,720
W,649-6201,21,198
M,866-0015,45,449
W,997-0154,54,455
W,779-4801,39,256
W,797-0007,40,733
W,701-1203,37,012
W,851-1124,54,050
M,933-0054,34,295
W,382-0057,33,616
W,315-0122,48,718
W,901-0501,37,097
M,521-1134,24,875
M,634-0045,29,698
W,030-0123,28,399
W,027-0006,29,282
M,870-0049,40,469
W,849-3115,31,006
M,639-3633,40,531
M,654-0143,48,861
W,386-0601,40,567
W,370-0066,57,585
W,395-0042,29,458
W,445-0846,22,403
M,781-6457,32,441
M,520-1423,34,203
W,350-0018,38,760
W,638-0563,39,426
W,848-0028,41,709
W,869-4812,51,820
W,238-0018,46,302
M,761-4402,31,043
W,620-0886,20,078
W,529-1605,54,742
W,891-4403,20,989
W,082-0053,51,565
W,791-4503,50,100
W,879-0103,44,978
W,901-1117,26,088
M,847-0062,39,762
M,706-0306,43,111
M,358-0017,22,643
W,790-0002,45,170
M,847-0875,37,808
W,503-0835,42,561
M,737-0804,50,453
W,329-2734,49,095
M,986-2202,38,782
W,519-4207,40,970
M,023-0823,45,375
W,384-1304,20,920
W,811-0120,40,603
W,882-0076,37,802
W,300-0871,58,552
W,697-0017,32,849
M,630-8435,22,141
W,922-0803,24,242
W,878-0028,30,834
W,020-0822,50,334
M,581-0872,39,038
W,304-0054,54,718
W,939-8042,59,826
M,988-0851,24,528
M,633-0245,40,117
M,798-0103,30,108
W,516-2107,35,251
M,904-2152,36,826
M,407-0045,27,311
M,018-3118,44,359
W,632-0024,46,984
M,880-2113,40,969
W,869-0436,51,336
W,010-0682,34,792
W,516-0805,56,430
M,620-0032,21,781
W,709-3707,44,709
M,400-1123,28,202
W,994-0054,36,760
M,938-0044,20,896
M,501-4215,29,684
W,998-0074,48,035
W,910-0213,35,984
M,780-8090,20,141
M,920-1163,37,122
W,389-2231,57,235
W,254-0014,56,143
W,569-0054,33,972
W,071-0563,52,198
W,521-1105,52,573
M,383-0064,37,341
M,732-0822,23,861
W,085-0238,59,066
M,709-2134,20,304
W,722-2411,35,857
M,847-0013,28,563
W,329-2923,50,019
M,784-0062,59,970
W,304-0035,53,477
M,861-1681,25,039
W,614-8280,32,892
W,961-0105,44,335
W,498-0811,42,409
M,952-1528,26,781
M,870-0931,54,314
W,408-0015,33,410
M,377-1305,46,289
M,672-8098,31,382
W,028-5223,37,577
M,992-0077,41,295
W,589-0022,29,032
W,791-0122,30,333
M,969-6306,22,029
M,294-0812,27,667
W,038-3532,51,351
W,967-0524,30,620
W,892-0815,52,274
M,037-0088,21,910
M,669-2452,50,264
W,509-4272,35,261
M,680-1242,42,819
W,530-0011,34,696
M,989-5606,46,819
W,882-0021,22,630
M,108-0073,58,702
W,368-0031,30,117
W,950-3322,52,754
M,997-0035,52,174
M,630-2341,24,643
M,682-0887,53,026
W,039-1504,57,908
M,861-0322,51,299
M,996-0041,54,855
W,811-4331,25,322
M,018-4211,49,937
W,059-0001,40,312
W,620-0839,43,953
W,784-0006,24,132
W,272-0003,56,288
W,861-0922,47,382
W,901-1201,40,847
M,520-3203,30,380
W,893-0064,21,830
W,089-1513,45,682
M,769-1103,50,648
W,509-3325,44,446
W,420-0039,35,978
M,905-0403,20,343
M,259-0316,25,738
W,771-5203,48,579
M,551-0032,55,577
W,108-0073,46,569
W,969-3543,56,508
W,682-0023,38,214
M,887-0023,22,588
W,949-7104,49,221
M,817-0005,43,863
M,701-1605,33,488
M,441-0321,48,453
M,771-5403,44,859
M,642-0002,27,659
M,444-2405,34,494
M,939-1833,44,971
M,883-1601,33,885
W,883-0033,44,075
W,881-0116,42,221
W,891-8329,22,541
W,916-0047,58,654
M,857-0033,20,025
M,501-0613,44,712
M,025-0302,31,736
W,063-0041,47,368
W,904-0312,48,193
M,321-2427,26,454
M,380-0888,42,310
M,339-0071,59,620
W,752-0925,20,797
W,088-3213,28,859
M,489-0045,37,339
W,029-3104,21,605
M,289-1606,22,004
M,377-0304,27,028
M,300-0048,55,349
W,630-8133,26,448
W,870-0158,33,813
W,475-0026,20,971
W,807-0003,24,029
W,989-5181,28,384
W,986-2341,31,466
M,350-0066,29,941
W,012-1103,40,706
W,529-1535,33,497
M,874-0803,26,539
W,869-5423,23,478
W,693-0071,51,904
W,066-0011,45,977
M,649-6225,34,597
W,783-0053,37,740
W,901-1411,32,855
W,855-0882,26,731
W,979-1304,30,598
M,926-0224,55,565
W,893-2601,54,458
M,682-0847,46,626
W,028-6845,55,649
M,769-1602,43,900
W,894-3411,50,277
W,739-0312,20,659
W,426-0076,56,645
M,157-0061,24,529
W,100-0006,24,587
W,585-0011,51,914
W,370-0833,26,773
M,631-0842,53,709
M,939-1382,22,034
M,962-0622,37,740
W,020-0856,33,305
M,891-6203,27,704
M,890-0083,35,347
W,424-0905,39,151
M,370-2113,50,767
W,949-5344,34,385
M,299-3245,29,533
M,300-4112,20,541
M,901-1114,35,564
W,916-1114,33,478
M,922-0804,53,122
W,603-8172,43,675
W,879-6753,27,893
W,024-0331,33,008
W,576-0012,42,903
M,439-0025,43,171
W,447-0062,23,875
W,760-0026,30,196
W,679-4344,20,198
M,029-4208,57,912
W,850-0028,44,014
W,662-0027,34,300
M,849-4175,50,326
M,745-0857,41,121
W,501-2572,51,422
M,927-1444,40,568
W,646-0102,24,624
W,194-0041,42,619
M,791-0321,32,420
M,475-0024,21,660
W,018-3116,48,045
W,646-1335,37,472
W,389-0824,45,241
M,911-0815,21,748
M,648-0023,52,002
M,288-0005,53,472
M,311-1415,24,516
W,409-0311,50,553
W,569-0061,48,153
W,689-0201,32,269
M,409-3605,54,495
M,679-5341,37,607
W,509-2602,24,943
W,961-8055,56,616
W,260-0834,43,012
W,914-0267,29,433
W,289-0343,53,068
M,406-0023,52,212
W,311-1205,32,622
W,943-0306,22,013
M,601-1411,41,707
M,849-1208,38,560
W,669-6946,28,745
M,408-0314,26,543
W,969-1627,28,086
M,526-0232,51,699
W,921-8023,50,890
W,891-9207,41,485
W,362-0037,50,848
W,849-1105,27,073
W,301-0003,24,962
M,690-1403,45,651
M,105-0011,42,154
M,981-0302,47,989
W,997-0333,23,388
W,640-8243,47,982
M,700-0962,51,031
W,089-1572,29,174
W,742-0414,50,546
W,969-3121,44,309
M,920-0823,32,478
M,640-8024,32,195
W,475-0063,51,080
W,015-0823,41,085
M,515-2406,45,152
W,966-0097,50,104
M,689-5136,39,326
W,511-0203,33,186
M,770-0843,35,328
M,049-3521,33,074
W,939-2333,36,377
M,303-0001,23,797
M,861-5273,52,233
W,520-1605,28,877
M,787-0154,21,233
M,955-0862,20,850
W,016-0149,33,887
W,321-2345,36,475
W,409-3301,49,110
M,511-0231,37,820
M,910-2175,30,057
M,905-1501,25,660
W,847-0123,48,632
W,529-0335,35,476
W,028-0053,40,396
W,634-0008,58,970
M,905-0421,39,505
W,509-6127,23,239
M,263-0022,54,241
W,257-0052,26,018
W,739-0023,54,935
M,020-0803,57,795
W,319-2512,29,913
M,101-0065,36,840
W,018-4511,43,935
M,006-0032,53,244
W,719-1146,44,271
M,918-8012,22,804
W,768-0063,45,581
M,691-0062,21,487
M,679-2336,58,042
W,028-0014,52,807
M,018-3144,40,662
W,039-1519,47,416
W,882-1413,58,116
M,516-0041,59,564
M,894-1201,21,597
M,989-0218,58,156
W,939-8213,33,956
W,682-0817,46,684
W,855-0061,32,812
M,709-2421,34,111
W,760-0047,24,311
M,640-8111,50,231
W,859-3607,21,888
M,039-1169,55,725
M,437-0013,52,217
W,732-0811,36,512
M,689-1104,43,077
W,651-2321,50,891
M,632-0012,23,467
M,924-0072,42,018
M,690-0812,29,732
W,798-0013,25,403
W,898-0002,32,113
W,150-0001,28,716
M,719-0242,48,498
M,779-3405,30,806
W,670-0001,25,217
W,860-0044,53,949
W,761-0614,41,871
W,367-0232,45,898
M,380-0914,32,756
W,858-0906,49,016
M,771-1701,25,264
M,882-0082,42,311
W,503-2319,33,621
M,515-0812,39,665
M,920-0813,21,090
M,518-0478,48,715
M,034-0023,49,300
W,920-1303,35,678
W,520-3043,59,881
W,969-0401,58,170
M,901-2226,46,663
M,390-0841,33,914
M,431-2537,30,984
W,649-5463,24,691
W,969-5207,34,671
M,220-0002,39,517
W,996-0084,24,065
W,315-0025,29,263
M,602-8438,50,042
W,787-0814,23,622
W,999-7673,50,800
W,963-8026,33,002
M,769-2302,40,355
M,400-0108,32,231
M,630-2171,26,062
W,999-3156,47,179
M,939-1335,57,248
W,039-2222,20,335
W,082-0083,30,638
M,735-0008,28,866
M,023-0876,27,555
W,639-2279,33,386
W,910-0063,57,662
M,640-8145,55,607
M,849-5261,21,392
W,646-0053,47,776
W,036-1203,38,074
W,854-0027,39,797
W,988-0465,26,471
W,699-1201,30,621
M,452-0961,50,964
W,010-0006,59,834
M,835-0103,28,537
M,520-3103,23,638
M,517-0216,50,843
W,034-0071,46,025
M,889-1911,33,739
W,602-8157,34,636
M,979-0204,22,1000
W,717-0513,39,640
M,327-0811,34,159
M,723-0051,23,057
M,502-0803,38,395
W,399-2612,59,277
M,367-0005,24,515
M,866-0061,47,139
M,903-0116,34,585
W,867-0006,40,743
M,332-0035,22,989
W,920-0937,21,604
W,571-0009,48,841
M,678-0172,36,209
W,381-0044,32,746
W,852-8036,46,987
M,913-0025,36,183
M,503-0305,53,836
W,100-0511,51,328
W,347-0117,25,443
W,636-0057,33,446
M,949-2315,30,790
M,516-2101,30,484
M,895-2634,34,760
W,602-8169,59,843
W,729-3516,39,982
W,931-8358,50,921
M,942-1102,35,187
W,822-1403,57,306
M,680-0742,54,891
M,701-1344,38,390
M,036-8076,27,752
M,709-4312,56,712
W,747-0824,49,416
M,669-3801,25,538
W,905-0406,40,379
M,410-0032,52,687
M,879-6421,29,055
W,861-4117,56,125
W,791-0507,41,785
W,883-1212,58,227
W,701-2602,39,422
M,020-0843,27,219
W,670-0813,40,079
M,886-0113,43,775
W,421-0216,31,864
M,096-0043,27,223
M,729-0475,40,902
M,781-1757,47,869
M,699-5615,24,634
W,943-0813,59,433
W,873-0423,26,489
M,786-0068,20,225
W,120-0031,50,361
W,101-0065,51,319
W,027-0021,54,673
W,853-0066,47,269
M,425-0021,42,701
W,358-0042,27,736
M,520-1651,43,167
W,134-0086,57,301
W,521-0081,26,699
M,690-1112,46,729
W,880-0006,50,337
W,883-0035,22,369
M,859-4742,21,090
M,883-0061,30,990
W,716-1241,29,053
M,028-6962,43,868
W,010-0441,54,266
M,739-2203,40,769
W,039-3147,30,273
M,441-2221,20,585
M,760-0008,55,953
M,969-1113,52,197
M,781-8122,48,076
W,629-1104,28,817
W,689-0355,42,910
W,311-1535,22,620
W,719-3142,43,666
M,320-0014,28,829
M,028-7566,38,659
M,870-1215,36,967
W,224-0053,57,679
W,870-1164,47,143
W,543-0011,28,103
W,240-0053,48,943
W,100-0006,49,931
W,840-0036,26,052
W,370-0346,43,939
W,685-0005,35,439
M,029-4412,58,440
W,872-0046,55,232
M,300-2445,59,001
M,300-2359,43,963
W,759-0134,27,354
W,174-0071,30,458
W,377-1703,38,153
M,656-0546,55,539
M,569-0002,53,906
M,840-0005,36,736
W,578-0945,36,746
W,997-1122,34,526
W,925-0305,22,755
W,399-3704,48,667
W,940-2023,48,578
M,809-0016,35,526
M,028-8402,41,588
W,760-0061,50,126
M,306-0315,54,848
M,783-0066,34,982
W,649-6308,30,853
W,779-1103,36,052
W,930-2222,57,553
W,400-0332,27,938
M,689-2543,32,274
M,696-1224,50,517
M,745-0054,22,657
W,999-3533,32,143
M,028-6962,35,245
M,370-2113,57,925
W,987-0402,45,882
W,580-0043,59,498
M,919-0314,37,211
W,019-0203,44,487
W,601-1372,53,222
W,901-3103,31,316
W,939-1963,23,140
W,399-2101,41,241
W,579-8027,57,936
M,259-1143,49,815
M,969-1624,59,947
W,788-0264,30,773
M,290-0515,38,070
W,779-1246,42,563
M,970-8035,27,242
W,901-0204,29,600
W,731-5108,46,955
W,851-2124,33,347
W,520-3332,53,491
W,315-0122,49,344
M,014-0063,37,046
M,962-0043,22,435
M,789-1702,44,334
W,904-1202,25,521
W,347-0067,52,967
M,673-0424,42,693
W,020-0844,29,940
M,988-0025,28,472
M,501-6016,42,775
W,643-0613,41,784
M,869-0604,43,597
M,969-3103,50,976
M,470-0214,29,197
M,031-0803,23,646
M,041-1351,36,713
W,871-0161,53,659
M,411-0028,53,715
M,851-0255,31,120
M,949-6366,24,591
W,735-0022,48,133
M,906-0202,51,136
M,300-0513,35,539
W,689-0536,49,087
W,296-0035,40,283
W,882-0054,34,432
W,259-1331,41,713
W,001-0909,59,484
W,437-0053,48,851
W,299-5252,40,633
W,424-0028,58,1000
W,747-0029,50,332
W,636-0934,54,818
W,646-1434,33,307
W,707-0416,36,264
M,963-7841,39,557
W,567-0042,58,674
W,882-0241,42,066
M,997-1201,54,064
W,689-1201,24,911
W,761-0613,36,953
M,984-0071,25,810
M,874-0910,30,289
W,853-2174,45,392
M,300-0404,44,544
W,299-5113,54,976
M,615-8183,27,481
M,806-0026,45,387
W,800-0116,43,957
W,714-1221,56,795
W,017-0881,37,695
M,516-0003,52,912
W,761-4433,58,369
M,410-0303,54,411
W,936-0015,43,998
W,780-0832,44,937
W,633-2173,48,584
M,669-2724,32,535
M,422-8046,41,969
W,376-0001,38,103
W,803-0825,28,612
W,036-8372,37,553
W,846-0013,58,263
W,771-1310,24,563
M,501-0561,37,797
W,807-0865,45,821
W,983-0813,22,820
W,906-0014,49,472
M,849-0905,55,109
M,841-0081,42,356
M,894-0501,22,040
M,786-0036,38,159
W,400-0803,49,713
M,779-0114,50,045
W,221-0077,40,989
W,322-0603,47,993
W,770-0856,33,886
M,649-7114,47,864
W,311-4205,24,217
M,015-0883,41,315
W,761-2203,57,059
W,254-0043,36,272
W,905-0425,33,172
W,950-1101,44,847
W,918-8218,26,199
W,807-0031,37,321
M,649-6555,24,214
W,479-0042,37,718
M,946-0041,45,198
M,502-0882,33,259
M,410-0103,33,213
W,372-0812,47,626
M,393-0034,39,705
M,911-0053,28,955
M,524-0212,25,631
M,567-0075,44,620
M,651-2226,48,518
M,786-0523,36,968
W,586-0039,43,729
W,851-0123,45,823
W,800-0225,52,525
W,370-0062,24,117
M,666-0111,35,817
W,799-3454,22,257
W,321-0635,52,796
W,520-2364,54,400
W,692-0072,40,208
W,277-0025,54,986
W,061-1132,47,994
W,673-1425,35,043
W,969-3502,50,111
W,288-0004,44,682
W,370-0802,45,718
M,995-0003,30,763
M,300-2346,29,525
W,905-0208,54,594
W,516-2112,47,566
M,999-7671,40,199
W,701-2205,34,778
W,853-2304,21,579
M,279-0042,39,109
W,979-2154,22,419
W,017-0891,47,577
W,963-6218,48,556
M,851-2203,46,437
M,880-0025,25,962
W,039-3372,58,205
M,939-0624,44,581
M,300-0625,24,023
W,616-8172,22,689
M,899-8606,57,898
M,878-0143,26,612
W,894-3103,26,312
W,160-0004,55,359
W,992-0012,39,591
W,919-2131,21,940
M,997-0861,33,710
W,789-1201,38,057
M,816-0804,43,750
W,410-0104,25,212
W,311-3826,22,937
W,370-2213,21,754
W,311-2103,59,168
W,876-2203,20,160
W,838-0205,52,036
W,881-1411,50,084
M,950-0034,44,429
W,997-0048,27,942
W,889-2534,43,650
W,872-0841,28,151
M,710-0817,33,814
W,857-0027,30,854
W,915-0213,39,129
W,602-8203,48,041
M,894-1515,49,773
M,543-0045,58,225
W,771-3203,43,013
W,738-0514,52,084
W,910-0003,28,791
M,697-0021,49,253
W,288-0033,25,916
W,647-1734,48,169
M,563-0055,35,098
W,682-0915,31,838
W,424-0403,46,062
W,393-0046,51,823
M,496-0861,55,637
W,929-0331,37,679
W,301-0813,54,568
W,789-1415,25,589
W,010-0004,29,461
M,901-2207,48,856
M,761-4307,50,035
M,300-1417,55,087
W,030-1415,21,039
M,697-0037,59,939
W,779-3406,27,115
W,761-0611,55,054
W,639-0203,22,037
W,648-0201,43,779
W,381-2354,22,552
M,019-1942,25,074
W,969-6244,24,540
W,444-3435,44,371
M,969-5208,58,226
M,780-0084,50,963
W,529-1661,51,669
M,370-2317,26,024
M,885-1102,41,808
W,503-2216,30,058
W,722-0033,34,139
W,529-0536,51,122
W,302-0026,33,021
W,325-0102,20,228
M,901-1405,24,865
W,689-0722,22,516
W,720-0044,52,770
W,727-0623,55,833
W,840-0033,54,763
M,925-0144,41,788
M,960-8076,54,219
W,787-0027,42,016
M,510-8039,32,965
M,666-0243,30,707
W,901-0311,28,933
M,683-0009,28,945
W,915-0215,49,192
W,907-1801,38,394
M,404-0004,22,136
M,856-0809,30,475
M,682-0163,32,360
W,871-0711,45,711
W,764-0037,22,611
W,863-0023,22,860
W,923-0954,35,452
M,720-1411,37,072
W,930-0232,28,234
W,861-8081,58,853
M,753-0017,34,907
W,529-1622,41,693
W,030-0942,54,358
M,510-1226,20,325
W,399-1505,52,895
M,400-1213,40,638
W,928-0221,55,313
W,679-4211,56,779
M,806-0044,33,515
W,521-1125,52,708
W,409-3245,27,515
M,969-1158,24,423
W,014-0204,34,234
W,417-0805,40,261
M,779-3404,44,546
W,914-0064,54,860
W,960-0463,55,457
M,369-1303,20,471
W,078-2211,33,565
W,861-5273,48,654
M,243-0412,57,289
M,593-8325,59,624
W,883-0052,29,358
W,213-0013,49,155
W,321-3536,22,174
W,413-0302,21,293
M,966-0865,42,302
W,078-8275,31,246
W,671-2563,53,750
W,765-0032,42,140
W,887-0014,37,950
M,847-0833,29,973
W,870-1211,34,803
W,940-0102,26,875
W,666-0145,25,314
M,289-1735,33,695
W,640-8267,47,710
W,504-0023,35,457
W,299-2201,33,057
M,799-0436,33,744
M,612-0849,28,293
W,293-0031,31,612
M,527-0056,39,029
W,998-0103,23,937
M,408-0111,26,743
M,049-5405,43,945
M,404-0037,48,162
M,792-0855,53,974
W,729-0321,48,726
W,370-0867,47,451
W,361-0066,42,152
W,937-0857,34,290
M,830-1117,51,723
M,720-0013,32,795
M,519-0155,27,649
W,393-0082,50,585
W,746-0034,33,162
W,950-1314,37,849
W,811-3225,36,470
M,332-0028,28,565
W,355-0106,23,677
W,483-8224,34,854
W,570-0087,52,239
M,811-3107,37,962
M,859-5702,38,114
W,693-0022,23,312
W,789-1936,49,209
M,744-0023,37,970
W,311-1301,48,628
M,408-0315,36,921
M,059-0914,54,690
W,690-0826,40,264
M,969-1129,27,138
M,379-0113,41,150
M,914-0131,20,342
M,620-1311,44,046
M,771-1302,57,798
W,796-0823,21,952
M,025-0022,43,763
W,600-8320,26,913
M,992-0312,40,004
M,944-0043,51,072
M,329-2504,24,045
M,996-0081,22,310
W,292-0025,49,052
M,689-1306,43,065
M,107-0062,22,099
W,855-0054,51,092
W,360-0001,46,800
M,371-0025,42,971
W,820-0333,39,343
W,820-0071,41,206
M,501-4225,30,169
M,088-0341,52,988
W,901-2404,46,119
W,791-8036,50,675
W,963-8873,24,672
W,470-1219,50,802
W,989-4585,30,553
M,409-3302,50,879
W,438-0077,29,269
W,792-0022,42,787
W,847-0062,36,842
M,374-0064,53,878
W,643-0846,50,823
M,283-0006,51,588
W,511-0846,40,046
W,997-0032,55,156
W,938-0054,48,442
M,985-0824,20,582
W,919-1311,30,054
M,910-1201,24,063
M,761-2204,59,664
W,024-0035,45,973
W,901-2417,47,197
W,323-0805,20,135
W,561-0827,37,559
M,709-0864,24,264
M,905-0206,41,151
W,822-0111,27,763
M,329-2733,23,756
M,523-0072,26,965
M,614-8162,39,273
M,895-1817,47,281
W,569-0026,57,072
W,859-3812,30,821
M,939-1515,35,090
M,636-0203,52,754
W,030-1713,20,329
M,501-3223,29,114
M,036-0155,20,911
W,992-0584,27,339
W,630-0231,36,848
M,870-0038,58,980
W,867-0056,53,589
W,039-0113,25,344
W,498-0012,30,498
W,316-0006,39,204
W,799-3720,33,138
W,843-0003,40,424
W,529-0342,38,483
W,506-0035,30,262
W,393-0006,58,042
W,717-0502,45,456
M,789-1932,51,139
W,903-0105,25,112
W,964-0807,33,447
W,399-1612,48,937
W,716-1421,39,725
W,930-0042,22,818
W,521-1242,24,025
M,683-0363,47,990
W,511-0275,50,496
W,511-0233,49,051
M,289-2504,41,762
W,932-0106,52,848
W,370-0502,29,536
M,622-0332,40,896
M,997-0018,27,194
M,605-0863,49,062
M,841-0024,49,835
W,510-0885,55,829
W,542-0085,33,654
M,771-1155,39,210
M,669-6556,50,301
W,683-0301,49,410
W,021-0101,25,818
W,805-0017,52,422
W,944-0135,52,778
M,651-2224,50,261
W,519-3663,34,954
M,781-0323,31,646
M,901-0353,27,940
M,989-6701,55,760
W,930-0388,20,971
W,929-0202,59,538
W,501-3962,38,682
M,854-0015,52,142
W,389-2702,54,755
W,894-3632,20,182
W,338-0822,32,322
M,689-3541,31,209
W,612-8312,21,282
W,671-4114,47,537
W,308-0063,46,622
W,647-0071,45,919
W,783-0067,27,916
W,444-3623,48,781
W,989-4524,32,217
M,673-1105,59,417
W,160-0005,47,372
W,587-0065,58,713
W,438-0122,51,827
M,640-8238,55,494
W,832-0087,22,689
W,028-4124,35,713
W,988-0241,35,957
M,479-0832,43,877
M,710-0063,53,654
M,520-3023,43,620
W,646-0041,33,757
W,020-0823,27,901
W,039-1515,41,629
W,948-0003,53,271
M,260-0012,58,403
M,932-0056,26,298
W,745-0885,40,193
M,252-1108,38,210
W,901-2421,28,717
W,042-0932,26,350
W,630-0101,49,406
W,405-0047,37,267
W,762-0032,21,595
W,723-0142,32,763
W,891-7624,40,067
W,551-0001,46,836
W,528-0232,47,116
M,326-0326,56,315
M,320-0815,27,346
M,680-1201,57,751
M,222-0004,59,623
W,089-5233,43,503
W,342-0025,47,278
W,798-4352,46,451
M,845-0001,25,113
M,852-8045,49,592
M,786-0064,32,311
M,988-0112,51,363
M,916-0032,55,924
W,963-5403,44,911
W,910-0808,21,040
W,861-4103,35,287
W,259-1314,28,764
W,299-4625,22,930
W,882-0854,48,232
W,400-0836,45,075
M,742-0005,21,163
M,350-1246,57,138
M,501-3601,38,312
M,828-0043,41,489
W,917-0104,37,948
W,223-0051,28,009
M,444-0531,28,775
M,870-0914,21,643
W,707-0005,41,809
M,840-0816,59,926
W,483-8226,57,295
M,612-8291,43,297
W,870-0135,51,776
M,919-1321,28,324
W,886-0115,46,087
W,370-3533,39,837
W,023-0071,34,573
W,694-0053,32,827
M,880-0026,36,898
W,616-8402,40,031
M,162-0855,58,212
W,614-8221,45,221
M,633-0314,57,088
M,612-0064,35,581
M,492-8348,55,631
W,407-0044,38,169
W,321-4322,51,944
W,352-0015,51,927
W,950-0126,35,416
M,010-0202,25,199
M,245-0024,38,052
W,506-1317,44,326
W,567-0075,40,851
W,015-0202,47,582
W,744-0023,58,032
M,999-7704,59,849
M,714-2101,52,550
W,311-4403,33,848
W,689-0533,38,994
W,841-0047,53,303
M,254-0044,27,976
M,028-3445,58,147
W,880-0005,52,656
W,384-0047,51,304
W,938-0824,32,965
W,286-0113,47,677
W,989-4418,36,793
W,258-0012,58,216
M,106-0045,31,250
W,999-3241,45,728
W,604-0041,30,297
W,372-0841,27,622
M,649-4103,32,292
M,289-2251,43,611
W,689-0333,57,903
M,689-3303,24,528
M,600-8896,33,550
W,670-0033,54,637
M,651-2132,24,625
M,824-0252,36,671
M,652-0001,33,609
W,500-8141,22,947
W,958-0855,30,177
W,690-3204,39,838
M,321-4364,41,215
W,400-1514,56,286
W,509-5145,32,430
M,689-1106,32,061
M,211-0067,24,593
W,849-4255,48,687
W,796-0053,33,334
W,930-0155,50,097
M,910-1134,39,343
W,416-0916,50,994
M,992-0056,45,636
W,339-0005,45,791
W,023-0866,36,356
W,502-0907,27,738
M,894-1114,40,239
M,329-0503,47,696
W,844-0017,37,691
M,865-0125,55,704
M,845-0031,20,479
W,220-0002,24,721
W,632-0068,58,779
M,370-0076,41,653
W,779-0113,32,038
W,602-8383,42,455
M,386-1107,53,601
W,501-3244,27,837
W,840-0812,29,576
W,811-4175,32,935
W,789-0316,52,503
W,792-0012,34,160
W,904-1111,25,441
M,669-5224,54,612
W,370-0515,30,709
M,965-0861,45,769
W,411-0846,51,539
M,701-1334,50,871
W,787-1105,40,407
W,241-0824,58,414
W,967-0311,20,446
M,640-8328,23,079
M,869-3203,23,580
W,802-0841,54,519
W,630-8141,35,994
W,849-4153,35,560
W,693-0512,32,639
W,891-0111,38,540
W,906-0507,42,658
M,750-0034,38,205
W,859-6125,24,887
M,883-1102,46,556
M,787-0242,27,521
M,061-3244,27,976
W,993-0002,37,076
W,517-0703,20,769
W,879-7154,35,386
W,356-0027,51,570
M,630-8261,42,611
M,409-3823,45,865
W,949-2213,23,101
W,819-1302,36,740
W,606-0045,38,943
W,779-4806,48,395
W,223-0051,45,443
M,018-0841,48,840
M,700-0806,33,582
M,776-0015,56,329
W,665-0022,53,735
M,904-0001,44,016
W,768-0014,32,461
W,865-0001,35,533
W,901-2423,45,823
W,529-1561,23,033
W,540-0021,38,843
W,969-1202,27,540
W,771-1703,37,049
W,663-8017,37,279
W,673-1122,42,048
M,679-5532,43,257
W,533-0004,58,047
M,372-0048,41,618
W,028-5303,26,449
W,837-0906,52,606
M,402-0051,27,938
M,870-0902,47,108
W,969-5313,56,176
M,949-8561,38,198
W,311-0133,51,885
M,400-0002,50,904
W,950-2003,52,893
M,016-0012,36,571
W,381-0023,41,383
W,222-0032,41,713
W,162-0055,56,507
W,230-0048,41,997
W,997-0161,47,554
W,039-2402,43,741
M,756-0032,58,283
M,680-0864,59,077
M,670-0093,56,558
W,861-3926,53,760
M,691-0052,33,011
W,029-4345,59,170
W,636-0214,36,742
W,680-1412,45,907
W,501-5622,30,170
M,969-6241,24,010
W,510-0806,33,013
M,315-0114,40,873
W,696-0701,44,266
W,769-1602,50,437
M,789-1406,36,037
W,211-0034,38,859
M,018-4515,29,144
W,162-0855,29,710
W,569-1101,21,314
M,876-2121,46,140
M,329-2156,49,911
M,799-0304,37,550
M,771-1705,51,818
M,854-0075,45,372
W,622-0332,20,582
M,715-0024,40,961
W,300-2443,38,908
M,606-8236,22,984
M,895-0041,49,098
W,233-0006,33,054
M,904-1105,20,800
W,779-3104,50,251
M,757-0212,35,887
W,543-0014,20,786
W,634-0005,57,299
W,579-8026,32,989
W,918-8211,58,440
M,518-0026,30,998
W,745-0501,34,557
M,643-0544,40,996
M,649-1231,31,620
W,707-0431,39,364
W,689-1435,33,166
W,454-0858,42,732
W,666-0005,48,309
W,239-0808,29,614
W,235-0016,32,292
M,930-0268,33,525
W,402-0044,52,947
M,928-0014,24,435
W,990-0850,53,421
W,098-2364,43,963
W,859-4511,50,719
M,018-1712,53,681
M,736-0067,39,628
W,736-0003,30,904
M,480-1134,32,183
W,519-1412,48,140
W,055-0324,38,135
M,707-0037,36,919
W,619-1142,56,747
M,906-0103,34,938
W,474-0022,45,688
M,894-0501,40,281
M,029-4413,49,385
M,729-3712,28,935
M,881-0034,53,685
M,806-0002,30,231
W,840-0841,44,285
W,625-0083,35,857
W,771-1401,40,667
W,378-0047,45,978
M,959-1331,25,013
W,771-1702,20,641
M,842-0035,26,398
M,981-4323,52,574
M,949-6364,33,337
M,421-0216,32,677
M,870-1156,27,240
M,037-0317,24,340
M,795-0305,57,707
W,780-8011,30,368
W,986-0001,51,510
W,053-0807,31,903
M,896-0054,38,196
W,106-0031,27,046
W,975-0042,24,209
W,574-0042,22,734
W,811-4151,51,331
W,405-0077,39,238
W,049-5411,58,669
M,409-0501,43,526
W,348-0058,38,925
M,745-0012,51,156
W,739-0301,52,737
W,586-0025,29,049
M,250-0403,38,032
M,370-0078,39,275
W,779-4804,42,446
W,528-0203,46,640
M,520-1823,48,543
M,350-0201,23,036
M,870-1127,28,630
W,036-0153,27,254
W,945-1353,50,240
W,603-8111,29,127
W,840-0203,30,731
M,999-7685,38,889
M,379-1113,37,412
M,848-0103,48,408
W,029-4481,47,134
W,930-2126,39,027
W,501-2574,27,142
M,029-4362,26,830
W,756-0842,33,458
M,325-0064,21,866
W,088-1136,23,790
W,520-1641,42,847
M,879-4402,29,993
W,491-0921,27,421
M,859-0171,38,744
W,543-0051,35,090
W,807-1134,37,486
W,988-0331,25,041
W,760-0062,42,610
W,746-0084,43,335
W,783-0057,20,200
W,910-0122,22,142
W,870-0846,27,644
M,006-0807,59,116
M,999-3144,32,771
W,069-1344,51,665
W,405-0018,40,677
W,988-0154,33,967
W,606-8185,41,875
W,622-0044,27,976
M,503-0914,48,087
W,501-2121,59,236
W,734-0013,32,502
W,722-0353,44,434
W,803-0818,35,281
M,928-0043,39,407
W,224-0063,59,785
W,833-0045,46,724
M,923-0905,57,273
W,939-1911,23,606
W,743-0062,44,369
M,546-0033,57,666
W,100-1212,38,918
W,880-0955,58,118
W,300-0033,58,341
W,017-0868,46,887
W,776-0005,34,266
W,630-2173,43,923
W,441-0321,55,048
W,023-0841,30,805
W,396-0023,25,429
M,690-2406,21,984
W,514-0081,31,204
M,028-3621,53,543
M,018-2813,27,561
W,935-0002,57,328
W,680-1213,59,576
M,869-0445,55,332
M,500-8272,21,871
M,939-8197,33,044
M,023-0102,51,819
W,689-0212,30,867
M,939-1411,44,562
M,400-1127,47,528
M,012-0815,39,753
W,847-0813,33,050
W,294-0821,35,132
W,960-8073,24,731
M,047-0156,27,676
M,506-1105,53,236
W,961-0956,57,325
M,939-3548,58,332
W,891-7601,37,852
M,918-8025,26,418
M,899-0401,37,420
M,385-0001,29,503
W,905-1202,33,387
W,887-0004,42,823
M,879-0904,26,450
W,999-7715,38,101
M,445-0065,47,610
M,899-5543,20,542
M,899-8423,21,976
W,038-3503,34,860
W,370-0601,44,383
W,014-0111,37,695
M,848-0027,34,380
M,871-0831,24,854
M,714-0003,50,503
W,761-2203,31,907
W,264-0004,38,670
M,691-0002,33,308
M,847-0802,42,587
W,689-1222,38,789
W,253-0015,22,651
W,861-0423,42,256
W,745-0807,51,987
W,506-0845,48,576
W,731-5152,23,335
W,013-0531,27,917
W,649-5453,50,464
W,192-0353,48,027
W,811-0115,52,315
W,731-3503,47,294
W,850-0902,34,994
W,939-0525,47,500
W,378-0403,32,453
M,243-0805,48,001
W,520-2134,53,562
M,648-0098,47,775
W,811-5744,57,102
M,965-0016,39,589
M,395-0152,28,351
M,258-0003,59,733
M,699-2305,27,322
M,959-3116,55,056
W,373-0831,37,534
M,690-0035,28,178
W,769-0221,56,191
W,940-1163,22,392
W,708-0856,59,494
W,959-1637,35,002
W,849-0933,47,879
M,861-0114,53,384
W,311-4615,35,075
M,320-0803,51,530
M,988-0105,40,002
M,988-0121,57,466
W,764-0028,35,377
W,967-0006,30,084
W,329-2731,47,995
W,689-4114,28,055
W,876-2405,40,571
W,351-0015,55,593
M,440-0011,25,564
M,649-1234,28,919
W,021-0861,40,554
W,793-0051,27,678
W,771-3203,34,065
W,039-2123,41,443
M,510-0244,59,958
M,014-0032,45,466
M,649-2325,59,791
W,514-0021,54,262
W,273-0003,50,808
W,470-0134,37,168
W,853-0014,48,381
M,278-0017,34,699
W,737-2131,44,034
M,162-0855,37,124
W,990-0821,55,765
W,098-2364,26,467
M,028-3312,22,882
W,989-6712,24,697
W,696-0711,34,933
W,300-0312,35,666
W,324-0011,21,942
W,785-0647,22,091
M,516-0015,20,810
W,502-0823,49,855
M,298-0202,23,030
W,696-1221,26,872
M,819-0371,20,494
M,279-0023,20,341
W,855-0006,48,754
W,520-3006,51,660
W,781-5467,23,585
W,885-1205,35,543
W,410-3304,26,207
M,756-0836,45,227
W,039-1524,38,176
M,379-0102,54,357
W,861-4112,22,209
M,939-0723,32,332
W,961-0884,28,223
W,858-0914,48,853
M,035-0094,20,777
W,919-1516,56,869
W,901-0225,34,501
M,779-0314,34,877
W,918-8081,28,262
M,879-6403,39,098
M,435-0031,48,434
W,840-0013,37,826
W,891-3607,25,879
W,699-1263,25,675
W,950-0015,35,921
W,515-3313,39,494
W,840-0027,56,753
W,682-0835,20,284
W,355-0305,24,841
M,712-8013,57,145
W,518-0862,23,444
M,645-0005,57,885
W,865-0012,24,279
M,781-6454,38,001
M,285-0911,58,117
W,929-0332,41,386
W,300-0314,43,601
W,759-0213,53,859
M,989-6442,37,334
M,421-3215,25,978
W,490-1132,21,212
W,854-0085,54,767
M,160-0005,56,437
W,889-2536,28,967
W,933-0131,33,715
W,781-1802,49,750
M,849-0114,33,240
M,771-6325,29,080
W,990-0046,29,014
M,028-0112,58,910
W,907-0022,27,363
W,759-1601,25,148
M,500-8151,32,718
M,902-0077,41,331
W,394-0023,59,517
M,861-2235,45,701
W,374-0038,45,241
W,320-0003,42,904
W,905-0205,33,029
M,851-2206,24,488
M,939-8049,57,078
M,967-0343,50,072
M,853-2305,44,411
W,503-2303,43,642
W,861-0805,39,314
M,894-1855,57,899
M,329-3435,24,551
M,329-1325,58,027
W,372-0041,50,117
M,957-0215,51,094
M,680-1411,40,481
W,762-0056,55,805
W,761-8003,43,227
M,847-0854,33,037
W,015-0823,41,864
M,719-2551,56,634
W,542-0085,24,025
W,103-0004,58,550
M,847-1423,41,033
W,871-0074,46,302
M,645-0302,39,543
W,730-0831,26,330
M,339-0037,33,835
W,324-0501,53,733
M,016-0895,48,817
W,441-8039,20,536
W,306-0645,34,381
M,849-5104,30,281
W,981-3205,46,515
W,039-0104,39,317
W,667-1103,22,362
M,939-8162,31,463
M,987-0302,43,210
W,635-0012,51,067
W,300-2412,35,082
M,999-3786,29,149
W,232-0025,20,937
M,926-0003,26,241
W,467-0049,25,777
W,960-0705,20,820
M,851-2107,30,462
W,791-8079,26,979
W,742-1516,22,669
M,630-8361,58,283
M,472-0003,40,506
W,371-0823,26,587
M,507-0051,35,071
W,790-0931,53,993
M,434-0036,26,420
W,699-2213,33,349
M,945-0054,55,120
W,905-0502,32,291
W,796-0075,55,830
M,705-0016,36,900
W,445-0841,30,553
W,791-8074,34,445
W,389-1213,58,671
M,527-0142,35,126
W,904-0001,25,150
W,838-0016,36,644
M,884-0003,20,466
W,689-3542,48,656
W,526-0111,56,191
W,768-0105,29,911
M,355-0072,42,139
M,327-0516,34,360
W,329-1313,33,602
W,421-2123,35,688
M,088-0608,57,385
M,788-0679,57,879
W,692-0002,25,196
M,013-0542,34,938
M,500-8327,57,536
M,028-3623,33,382
W,409-2931,52,142
W,795-0305,22,557
W,630-8268,55,762
W,959-1233,41,722
W,475-0001,26,164
W,933-0007,51,911
M,485-0077,59,327
W,378-0068,53,393
W,379-0212,35,510
W,515-0317,24,581
M,789-1204,27,550
W,400-0005,49,389
M,400-1514,42,191
W,374-0006,55,957
M,922-0441,20,193
W,739-0133,32,062
W,254-0082,43,507
M,384-0064,47,837
M,812-0872,41,994
M,910-2527,25,327
M,658-0015,39,768
W,630-0239,43,367
W,751-0803,41,849
W,327-0825,27,037
M,438-0077,43,246
W,891-7423,54,873
M,885-0073,34,026
M,779-1740,38,460
M,866-0024,58,720
M,018-1712,41,260
M,373-0034,25,068
W,276-0004,25,010
W,781-1311,45,725
M,418-0103,33,187
W,377-1526,28,976
M,100-0006,45,272
M,270-1357,38,205
M,406-0815,33,392
W,901-0202,22,584
W,786-0022,53,669
W,999-8214,51,955
W,771-2502,45,447
W,910-0352,43,317
M,300-0313,40,559
W,763-0104,42,476
W,788-0333,24,501
W,928-0034,42,404
W,564-0054,46,119
M,988-0105,56,523
M,483-8256,28,568
M,637-0074,41,854
M,344-0016,22,595
W,663-8022,36,863
M,820-0116,41,959
M,889-4242,39,234
M,542-0085,31,711
W,879-0467,45,161
W,849-1613,21,461
W,962-0028,39,474
W,501-6302,42,552
M,444-0412,51,320
W,283-0834,45,704
W,520-1224,47,768
W,023-0894,26,232
M,879-1304,36,671
M,987-0422,38,494
W,430-0854,39,805
W,595-0003,22,055
M,731-5134,34,768
M,248-0004,51,986
M,503-1338,52,320
W,745-0642,54,739
W,699-0815,26,724
M,408-0113,37,643
M,939-8046,59,923
M,811-5122,30,934
W,277-0804,25,671
M,700-0812,41,402
M,870-0117,34,402
W,299-2502,36,537
W,322-0423,49,078
M,613-0916,23,301
M,339-0015,20,688
W,285-0053,47,438
M,270-1424,41,881
W,988-0262,41,628
W,836-0003,40,434
W,963-5681,28,427
M,779-3404,25,759
W,907-1433,41,089
W,424-0803,33,712
W,901-3802,22,146
M,038-0203,41,579
M,311-4301,39,798
M,395-0052,24,544
M,447-0042,21,358
M,520-2123,54,132
M,017-0804,53,267
M,963-4111,36,336
W,854-0121,32,321
M,948-0056,59,770
W,193-0933,25,154
W,993-0035,31,151
M,691-0003,22,762
M,415-0029,37,164
W,769-2512,50,886
W,867-0063,31,382
W,089-1321,35,481
M,861-3452,56,651
W,616-8154,22,261
M,630-0265,28,911
M,842-0013,47,140
W,840-0032,37,596
M,654-0044,51,976
W,059-3233,44,192
M,764-0025,33,352
W,630-8304,50,095
M,286-0114,55,668
M,500-8374,25,723
W,859-1306,34,221
M,031-0842,44,392
M,036-0121,27,382
W,637-0036,32,783
W,861-3102,49,101
W,680-0415,51,718
M,257-0037,47,156
M,526-0265,51,245
W,604-8061,45,496
W,661-0011,40,434
M,680-0831,55,920
M,614-8183,37,786
W,174-0075,22,931
W,231-0806,26,396
W,802-0072,29,767
W,779-0108,53,306
W,697-0002,48,828
W,409-3835,26,166
M,861-2221,45,836
M,761-1705,26,653
W,040-0051,47,529
W,720-0313,31,490
W,140-0012,33,993
M,697-0055,36,482
W,292-0061,22,690
W,989-4548,50,964
M,887-0023,33,940
M,882-0881,25,983
M,902-0073,33,916
W,981-4351,51,396
W,515-0348,29,666
M,162-0855,39,546
M,324-0003,46,818
W,409-0626,38,818
M,919-0533,29,540
W,649-6202,26,909
W,669-3631,59,525
W,996-0025,57,348
W,939-0612,48,146
W,719-0304,44,966
M,633-0314,44,043
M,920-0116,53,689
M,640-1207,25,064
M,231-0038,54,098
W,290-0236,28,067
W,863-2801,44,082
W,408-0037,49,624
W,086-1751,27,802
M,729-3106,39,572
M,488-0062,46,112
M,929-2114,38,433
M,501-2605,54,369
M,334-0062,58,469
M,709-3725,44,940
W,949-6551,31,415
M,497-0014,39,027
W,519-0503,54,184
M,386-0042,37,522
W,643-0131,38,400
M,869-5573,52,117
M,510-0219,46,445
W,875-0063,54,737
M,789-1924,59,430
W,319-2226,28,991
M,409-2936,34,474
M,410-3201,39,117
W,771-0205,43,893
W,917-0361,38,692
W,849-3133,39,867
M,076-0002,27,240
M,851-1131,41,327
W,768-0066,37,402
W,689-3334,29,826
W,739-0412,47,136
W,761-0123,57,323
W,503-0891,44,076
M,904-2304,36,881
M,697-0006,31,065
W,779-1234,31,332
M,409-3862,45,895
M,899-5103,57,964
W,866-0821,54,190
W,984-0817,56,136
M,771-1403,29,635
W,763-0225,37,376
M,930-0944,45,442
W,940-0871,52,563
M,421-0301,21,242
W,105-0011,46,765
W,299-4615,52,719
W,894-1853,48,831
M,861-2107,41,817
M,790-0905,30,331
W,861-6551,36,710
W,107-0062,25,501
W,201-0016,39,521
W,729-3516,26,324
W,799-2444,47,210
W,018-2502,26,155
W,929-0456,40,497
W,410-1108,25,517
M,925-0161,31,968
W,258-0002,32,571
M,192-0032,33,170
W,886-0005,20,270
W,504-0821,54,978
M,764-0036,43,056
M,326-0332,20,012
W,383-0001,58,568
M,371-0222,27,456
M,579-8003,21,612
M,865-0017,26,523
W,326-0063,51,624
W,907-1801,39,147
W,424-0015,32,805
M,730-0005,56,953
M,415-0029,20,303
W,752-0922,35,801
W,085-1206,39,709
M,886-0212,25,191
W,510-0012,28,058
W,020-0311,48,717
W,990-2372,51,250
M,504-0953,42,1000
M,501-1314,45,086
W,024-0326,45,716
W,967-0321,39,598
W,899-4355,26,502
M,510-0006,20,587
M,990-0008,52,786
W,863-2505,28,626
M,301-0834,37,196
W,403-0004,58,316
W,089-2638,45,144
W,794-0023,21,372
M,720-0842,53,634
M,489-0812,29,270
W,367-0106,44,978
W,906-0301,36,949
M,926-0002,34,301
M,374-0056,27,081
W,470-0117,52,325
M,572-0849,38,820
M,506-0815,40,144
W,939-1873,45,916
W,023-0802,27,644
W,779-3407,37,751
W,942-1401,45,514
M,630-8392,32,780
W,761-8055,46,030
M,998-0862,29,886
M,596-0074,40,263
M,569-0811,46,902
W,501-1126,40,835
W,939-8145,55,745
W,781-1153,35,874
W,103-0004,57,893
W,969-1771,58,569
W,987-2189,28,054
W,879-7305,56,820
M,947-0213,46,044
W,785-0657,53,276
W,895-2203,23,771
M,889-2162,58,209
W,108-0073,38,742
W,756-0080,35,784
M,905-0225,20,286
M,787-0310,27,456
M,243-0023,22,1000
W,647-1234,21,268
W,406-0813,41,628
M,302-0107,33,444
W,882-0093,31,351
M,880-0823,47,763
M,616-8301,38,505
W,999-6104,29,384
W,078-8334,51,229
W,645-0011,24,762
W,864-0055,22,266
M,036-0153,44,962
W,400-0128,30,498
W,811-3425,50,241
M,286-0005,23,859
W,850-0025,53,091
W,441-2515,53,325
M,970-0227,58,804
W,039-2569,45,307
M,761-8031,44,195
M,633-1212,54,960
M,399-8601,29,537
M,899-6505,22,672
M,859-4502,57,854
M,943-0225,20,220
W,270-1503,52,497
M,932-0854,33,835
W,029-4205,23,800
W,891-1420,56,678
W,501-1163,33,154
W,320-0865,32,116
W,762-0005,45,757
M,697-0026,28,992
M,402-0214,45,040
W,766-0202,58,029
M,790-0012,38,409
W,929-2367,43,907
W,049-3512,27,788
M,036-8064,51,235
W,531-0075,45,907
W,106-0041,30,905
M,491-0015,24,805
M,106-0031,25,212
M,990-1411,38,399
M,992-0774,48,731
M,365-0066,53,834
W,627-0026,26,284
M,669-1506,38,122
W,501-0811,52,227
M,868-0605,20,457
W,518-0736,47,024
M,849-1205,35,443
M,272-0803,48,101
M,989-0851,42,741
W,639-2144,41,229
M,669-4324,47,352
M,399-3802,50,229
W,851-2105,28,638
W,753-0016,32,230
M,678-0055,24,543
M,849-3133,25,813
W,840-0533,50,471
W,880-0941,31,771
M,843-0234,40,826
W,987-0426,35,462
W,828-0048,33,926
M,162-0815,36,115
M,509-4243,37,605
M,849-0306,34,715
W,029-2202,27,445
W,794-1302,28,287
M,959-1211,40,330
M,601-1382,43,228
W,915-0011,37,868
M,771-1704,32,058
W,779-3502,55,799
M,920-8215,51,691
W,915-0218,47,880
W,511-0203,41,820
W,530-0037,38,010
W,836-0877,29,324
W,028-0054,50,757
W,848-0146,59,772
W,769-2302,44,561
M,537-0002,43,689
W,811-5541,53,257
M,247-0052,48,204
M,986-0114,38,909
W,573-0003,22,606
W,500-8011,27,035
W,882-0011,40,265
W,101-0048,59,960
M,719-3503,30,959
W,012-0814,54,838
W,286-0028,22,109
M,985-0042,23,877
W,989-3121,55,346
M,033-0166,45,037
M,305-0067,53,215
W,013-0214,25,352
W,355-0333,58,770
M,250-0861,54,169
W,771-1341,39,161
W,059-0025,23,074
W,410-2507,46,167
W,963-7756,41,904
W,851-2422,36,723
M,794-2501,51,176
M,845-0013,41,219
W,632-0024,48,320
W,880-2214,59,402
M,706-0303,37,863
M,936-0871,23,533
M,689-0112,25,182
M,891-0101,43,933
M,500-8445,34,511
W,315-0011,22,853
W,865-0114,44,619
W,696-0315,40,008
M,321-3403,38,162
W,680-0221,30,129
W,879-6331,48,329
W,635-0075,28,930
W,162-0855,33,486
W,594-1153,58,102
W,313-0013,35,750
M,698-0023,38,544
W,986-0302,49,684
M,106-0045,31,707
W,709-1212,27,137
M,707-0032,41,806
W,802-0091,48,369
W,759-0203,23,588
M,920-1141,21,353
W,939-1271,20,492
M,804-0052,28,904
M,514-0811,28,326
W,187-0021,38,261
W,928-0052,49,720
M,379-0131,52,578
W,445-0816,30,813
M,966-0846,33,945
M,321-3325,28,354
M,869-5574,39,607
W,531-0062,44,665
W,696-0712,29,863
W,049-3128,25,348
W,849-1311,20,666
W,907-1431,42,046
W,859-2601,24,645
M,779-3402,57,116
M,969-3531,20,294
W,550-0026,47,649
M,880-0012,49,989
M,943-0603,56,011
M,577-0842,51,005
W,840-0823,45,901
W,370-2335,33,935
M,583-0011,43,187
W,424-0014,46,390
W,446-0018,22,531
W,851-2103,51,906
W,981-2113,51,867
W,883-0053,40,698
M,843-0305,54,451
M,699-1222,45,752
W,901-0144,46,283
M,939-0111,23,334
W,014-0067,30,915
W,569-0074,49,973
M,742-0021,39,133
W,927-1212,40,038
M,939-1327,23,594
M,940-0871,57,869
W,020-0803,46,239
M,265-0073,29,873
M,615-0827,38,331
W,633-0003,59,709
M,859-5102,52,979
W,501-0111,24,680
M,637-0081,52,040
M,101-0044,27,179
W,470-2105,27,252
M,393-0018,31,205
M,890-0023,57,602
W,811-2201,29,897
W,942-1402,56,346
M,902-0062,55,494
W,649-2103,54,040
W,355-0004,58,210
M,256-0808,54,559
W,259-1146,47,150
M,988-0634,39,838
M,767-0012,55,365
W,340-0105,38,708
M,922-0004,56,367
W,771-5209,26,675
W,025-0064,21,050
M,343-0025,31,403
M,518-0632,22,200
M,649-3168,28,035
M,876-0046,58,843
W,404-0201,44,063
W,899-5115,34,822
M,130-0003,32,102
M,424-0022,40,381
W,445-0065,58,970
W,744-0032,33,748
M,793-0065,42,311
W,849-1616,40,178
M,436-0071,26,687
W,470-2204,42,363
W,950-0832,48,299
M,799-2645,21,303
W,990-2341,51,437
W,791-8083,27,223
M,324-0616,41,713
M,769-0221,33,334
W,914-0034,51,510
W,933-0336,58,315
W,692-0077,25,637
W,910-3511,56,456
M,329-0501,37,100
M,835-0136,52,405
W,289-2616,22,038
M,270-0133,30,245
W,922-0434,59,753
M,639-0252,21,436
M,039-2714,41,807
W,402-0202,23,983
W,422-8041,57,366
W,949-7502,52,938
M,850-0066,54,835
M,374-0027,50,292
M,514-2323,35,655
M,889-1905,58,962
W,922-0302,32,084
M,080-0021,29,150
W,678-0012,31,953
W,708-1321,31,689
W,028-0304,56,509
M,028-7306,41,589
W,424-0406,22,492
W,034-0102,26,690
W,680-0051,34,525
M,511-0802,51,255
M,290-0505,39,061
W,383-0024,39,267
M,066-0041,32,669
W,861-1112,48,964
M,861-0136,23,747
W,798-3332,37,941
W,649-4122,43,391
M,437-1423,37,600
W,520-1452,28,100
W,781-3741,23,935
W,049-4431,41,811
W,916-0038,44,132
W,425-0077,58,171
W,028-6302,27,203
W,370-1205,39,890
M,982-0252,24,648
W,808-0148,29,292
M,790-0873,21,451
W,855-0806,33,618
W,220-0002,24,506
W,683-0334,39,367
M,390-0835,26,799
M,813-0017,34,185
W,924-0845,49,012
W,015-0877,40,926
M,989-6712,53,350
M,889-0901,34,513
W,963-7724,44,645
M,768-0076,39,597
W,391-0001,30,957
W,950-1341,21,489
W,523-0888,40,955
W,798-0095,51,471
M,384-0041,48,310
W,210-0864,50,990
W,236-0044,27,304
W,998-0035,56,938
W,518-0032,54,605
W,374-0135,25,018
M,870-0882,42,022
W,521-1334,28,828
W,300-2655,46,516
W,630-2356,26,874
W,389-0503,39,202
W,708-0044,45,556
W,720-0836,20,282
W,994-0032,55,310
W,080-2474,40,929
W,501-3141,35,147
M,782-0002,49,782
M,321-4306,59,833
M,920-1101,23,409
W,377-0423,59,687
W,270-2232,58,682
M,421-1301,42,473
M,029-5513,47,313
M,892-0848,27,463
W,923-0853,41,221
W,771-1704,26,490
M,922-0825,53,902
M,409-0503,22,571
M,216-0021,45,885
W,689-2346,51,131
W,876-0847,42,520
M,834-0075,27,376
W,879-0605,47,299
W,999-6839,54,819
W,904-1102,29,612
M,624-0813,32,548
M,789-0581,21,405
W,951-8133,47,034
W,698-1223,31,949
W,089-5551,37,567
W,402-0201,38,543
M,861-3813,43,643
W,230-0004,57,909
W,631-0013,52,506
W,949-6371,55,819
W,861-4716,43,852
W,027-0035,59,523
M,444-0913,21,106
W,901-2125,30,146
M,680-0305,43,115
M,586-0097,50,1000
W,871-0096,21,282
W,745-0842,23,423
M,771-0369,55,605
W,685-0413,49,516
W,511-0122,29,479
M,497-0012,50,822
M,921-8064,43,073
W,639-1131,22,530
W,889-1201,55,995
W,516-0078,32,631
M,635-0034,52,265
M,689-2324,53,367
W,602-8157,50,555
M,561-0851,20,030
W,174-0071,24,742
W,999-3787,24,523
W,306-0314,41,591
W,930-1264,37,809
W,689-1326,46,791
M,529-1172,46,912
W,300-0504,24,432
M,969-6079,37,123
M,910-3254,21,322
M,793-0213,36,553
M,350-0015,37,559
M,792-0841,58,751
M,412-0016,27,201
W,640-8204,37,603
W,606-8232,57,494
M,859-3236,55,608
M,697-0056,28,481
M,673-0046,28,715
W,761-4141,31,332
W,501-0521,47,929
W,162-0855,56,586
M,074-0021,42,489
M,932-0002,46,101
W,682-0434,50,237
M,400-0233,50,029
W,383-0053,38,755
W,640-8133,49,781
W,869-2232,39,639
W,939-1735,59,593
W,745-0864,23,777
M,981-0914,38,474
M,699-3223,40,347
M,409-0502,35,388
W,027-0372,44,560
W,914-0802,48,998
W,849-3216,28,154
W,854-0045,54,878
W,416-0932,38,104
M,871-0080,31,175
W,509-2138,51,037
W,940-2105,21,169
M,990-2164,46,546
M,615-0814,54,431
M,880-0903,37,888
W,452-0961,26,440
M,989-2351,38,343
W,529-1811,22,252
M,930-0955,30,931
W,025-0076,28,421
W,869-4804,27,472
W,644-0004,49,627
M,828-0076,51,638
W,636-0346,42,534
W,683-0062,53,732
M,029-4205,28,781
W,492-8073,52,297
W,987-0145,59,639
M,780-0831,55,775
W,518-0743,49,461
W,882-0106,51,931
W,710-1312,25,263
W,747-0817,24,134
M,519-0411,47,369
W,679-5134,20,192
W,431-0426,54,235
W,887-0031,27,373
W,683-0802,29,356
M,939-2638,43,476
M,378-0324,42,053
W,640-8432,41,930
W,511-0069,36,857
W,981-2112,35,834
W,703-8262,53,448
W,309-1221,33,288
M,370-0805,31,211
M,825-0012,51,383
W,762-0045,22,791
W,162-0855,54,794
W,100-0006,47,726
M,501-3225,37,717
W,028-7401,35,174
M,757-0002,49,632
M,910-0065,26,999
W,649-7111,47,932
W,939-2471,54,726
W,069-1502,21,861
W,920-0273,32,079
M,771-2502,59,845
M,573-0113,51,627
M,928-0065,25,882
W,849-0303,52,543
M,753-0302,31,764
M,869-5453,28,122
W,689-5132,28,179
W,633-0107,25,063
W,670-0992,37,865
M,737-2609,40,554
M,958-0843,45,802
M,501-6003,28,066
W,069-1451,25,271
M,020-0644,25,690
W,927-0602,34,026
W,569-1013,38,440
W,370-2606,34,574
M,781-1114,51,322
W,918-8114,56,725
W,086-1080,50,758
W,791-0537,32,682
W,015-0504,42,537
M,106-0045,43,046
W,920-0336,20,902
W,790-0063,25,256
W,501-3958,42,724
W,679-4011,49,769
W,395-0822,52,770
M,660-0892,49,804
W,300-2302,55,333
W,857-0121,23,012
M,246-0005,57,699
M,701-4234,34,698
M,760-0024,26,025
W,498-0811,48,985
W,470-1111,55,826
W,212-0012,47,197
W,039-0317,35,204
M,545-0034,54,225
M,770-0918,45,703
W,607-8496,28,155
W,296-0102,30,812
W,529-0423,51,885
W,612-8372,20,259
M,893-0066,59,051
M,649-5336,30,713
M,519-2145,56,222
W,859-4532,30,860
W,510-0253,29,478
W,811-3212,27,555
M,729-3701,48,327
W,742-2602,54,260
W,029-4205,54,816
W,640-8312,35,477
W,800-0201,46,615
M,861-8081,23,848
W,745-0883,53,620
M,722-0036,50,366
M,329-0422,23,768
W,771-5204,40,952
M,797-1211,51,566
W,923-0328,40,068
W,895-2102,29,616
W,933-0853,44,362
W,812-0044,57,599
W,648-0098,42,045
W,649-5131,39,556
W,010-0032,27,554
W,986-2221,37,767
M,780-0063,37,804
M,649-6226,41,304
W,895-2707,47,604
M,708-0352,27,113
W,891-0406,39,088
W,869-6111,36,966
M,503-1264,43,906
W,413-0231,49,055
W,875-0073,37,417
W,251-0021,27,160
M,759-6534,56,808
W,286-0118,28,738
M,311-3117,21,376
W,780-8072,22,356
W,630-2306,32,781
W,689-0333,36,575
M,703-8204,54,091
W,969-6203,48,355
W,723-0042,33,775
M,270-0163,29,464
W,400-0315,25,114
M,350-0305,40,135
M,988-0361,36,131
M,889-1604,41,120
M,756-0003,47,982
M,382-0817,22,729
W,935-0338,43,171
M,959-1261,46,923
M,876-0205,49,364
W,987-0414,29,169
M,779-0114,41,742
W,437-1425,56,545
M,706-0012,54,446
M,014-0011,45,446
W,100-0006,47,597
W,010-1636,22,049
W,854-0067,27,796
W,096-0051,40,037
W,305-0031,32,112
W,775-0304,30,615
W,866-0016,55,449
W,915-0234,28,695
M,936-0041,42,128
M,649-5466,51,605
W,961-0407,39,495
W,990-0521,52,512
M,630-1236,20,875
M,641-0004,51,710
M,879-6222,37,974
W,311-2418,43,397
W,367-0006,57,593
W,639-1123,56,280
W,683-0211,55,022
W,290-0236,55,533
W,400-0111,38,340
M,880-2224,45,175
W,722-0202,36,618
M,470-0117,51,702
W,406-0001,21,203
M,964-0876,43,772
W,516-0801,55,567
W,672-8016,41,563
W,890-0068,27,288
W,722-1624,41,483
W,089-2156,32,844
W,848-0045,32,138
M,014-0337,58,051
W,160-0005,33,093
W,995-0203,49,235
M,038-1113,58,499
W,933-0124,22,512
W,811-4183,36,067
M,872-0662,44,425
M,779-1242,30,206
M,615-0913,32,1000
W,037-0108,52,620
W,266-0023,43,040
W,757-0004,35,778
M,629-0134,27,107
W,738-0021,39,698
W,952-1507,28,578
M,649-2536,26,833
W,769-2512,38,419
M,889-2534,35,020
W,871-0072,39,610
W,739-1754,54,275
W,879-0456,32,941
M,471-0035,31,481
M,880-0015,55,139
W,311-2206,41,370
W,927-1228,35,893
W,298-0206,25,202
M,381-0075,22,817
M,939-2214,34,035
W,599-8121,50,619
W,198-0032,35,410
W,939-0652,51,196
M,413-0031,47,332
W,760-0025,29,880
W,633-0235,57,034
W,786-0011,58,917
W,393-0072,41,580
M,680-1411,20,189
M,870-0883,34,727
W,754-0014,31,294
M,441-8021,50,830
M,729-5111,45,591
W,636-0232,33,770
W,699-3161,54,341
M,891-0506,35,683
W,023-0053,28,701
W,876-0201,51,208
M,108-0073,47,307
M,997-1204,51,339
W,892-0861,28,297
W,920-2102,29,759
M,791-0128,28,037
M,078-3168,21,304
W,013-0314,47,695
W,518-1318,52,346
M,760-0021,59,010
M,752-0967,37,014
M,769-2605,54,251
M,614-8142,28,868
W,780-0062,45,352
W,987-0134,24,844
W,603-8372,50,439
W,807-0045,50,570
M,999-1361,46,725
M,870-0312,39,137
M,893-2603,54,517
W,510-0098,49,793
W,789-1702,22,777
M,370-2466,51,299
W,329-2152,25,476
W,656-0442,39,534
W,321-2526,53,957
M,778-0007,44,480
M,560-0003,42,865
W,409-3604,25,722
M,969-4515,34,363
W,520-1647,41,189
M,944-0138,57,716
M,401-0025,48,795
W,964-0087,32,439
W,270-1103,55,849
W,870-0146,35,894
M,492-8266,58,464
W,929-1114,43,621
M,669-3312,37,544
M,889-3311,30,898
M,527-0123,58,114
W,913-0027,36,369
W,528-0222,36,837
W,370-0354,59,544
W,882-0843,46,758
M,300-2504,43,400
M,847-0321,29,835
M,997-0332,56,645
M,849-1615,29,910
M,090-0811,54,935
W,791-8064,30,854
M,350-0238,40,701
W,982-0845,30,287
M,840-2106,20,940
M,920-0976,50,120
W,366-0802,40,690
W,601-8403,44,334
M,586-0071,48,154
W,954-0146,55,886
W,905-0025,45,118
W,918-8021,21,984
M,656-2303,51,065
W,706-0223,36,597
W,523-0841,43,410
W,520-1454,47,512
M,761-8071,30,930
W,969-6556,55,957
W,853-0413,29,296
W,370-0874,30,300
W,725-0302,31,577
W,949-1208,47,284
W,357-0201,52,882
W,910-0347,40,550
W,503-0212,26,056
W,859-1212,54,118
W,961-0054,44,276
M,769-1408,38,030
M,961-0955,38,734
W,916-0011,52,466
M,849-1413,28,494
M,018-0906,26,967
W,630-8013,32,683
W,092-0223,29,192
W,835-0021,29,406
M,999-6824,42,852
M,891-1206,44,388
M,039-1556,54,127
W,223-0064,30,412
M,515-0803,49,162
M,737-0908,40,669
W,612-8405,29,503
M,675-0038,23,359
M,366-0004,34,881
W,910-3103,34,538
W,039-1537,31,023
W,987-0382,53,626
W,891-2115,27,929
W,529-1813,45,404
M,816-0863,55,197
M,015-0842,24,391
W,410-2518,39,795
M,381-2203,27,120
W,300-1251,30,706
W,760-0073,38,946
W,828-0011,27,063
W,989-5123,48,626
W,779-3404,20,806
M,861-3201,52,719
M,680-1153,36,158
M,442-0862,29,646
M,682-0913,23,212
M,485-0031,43,633
M,634-0802,30,130
M,662-0091,47,253
W,470-2339,24,044
W,134-0088,39,768
W,028-1104,40,505
W,389-1106,58,959
M,794-1304,28,305
M,882-0822,32,962
W,879-0113,23,798
M,018-1705,33,855
W,321-1524,53,705
W,567-0871,46,599
M,018-2655,52,119
M,418-0035,37,453
W,321-1511,34,374
W,755-0006,34,983
M,501-3303,24,433
M,870-0245,48,767
W,370-3515,41,769
M,649-0122,48,242
W,337-0026,33,424
M,635-0133,20,157
W,931-8401,43,931
M,505-0306,51,922
M,789-1222,44,469
W,780-0054,21,534
W,518-0609,50,462
W,185-0031,44,803
M,869-2604,37,190
W,770-0939,37,350
M,889-2301,38,371
W,384-0301,40,449
W,926-0005,39,016
M,637-1221,29,222
W,739-0038,33,855
M,679-5161,41,084
W,019-0523,38,048
W,604-8831,55,598
M,682-0413,53,226
W,905-0001,50,384
W,992-0475,35,235
M,992-0325,59,481
M,385-0004,57,202
W,287-0038,31,840
M,033-0034,34,863
W,020-0722,25,760
W,745-0041,33,491
W,698-0003,23,305
W,988-0246,37,380
W,504-0941,36,798
M,197-0005,20,854
W,739-1731,26,044
M,395-0002,21,041
M,500-8162,38,559
W,016-0891,43,393
M,651-2143,34,892
W,889-4602,32,503
M,870-1144,23,453
W,849-3111,55,753
W,231-0843,53,326
W,889-4151,45,614
W,106-0045,59,980
M,010-0026,32,334
W,789-1419,53,882
W,901-2121,53,043
M,414-0034,56,254
W,763-0011,27,163
W,771-3203,58,010
W,788-0013,45,664
W,370-2212,35,186
M,319-2214,30,650
W,901-2124,46,948
W,510-0956,52,229
W,771-5207,49,186
M,720-0204,53,213
M,521-0227,28,842
W,640-1174,51,874
M,761-0821,46,245
W,761-8022,33,988
W,340-0005,57,353
M,365-0037,55,428
W,708-0863,58,363
M,381-2211,41,684
W,010-0872,51,939
W,370-0101,34,279
W,840-0532,27,867
W,039-0111,24,149
M,990-0878,29,1000
W,380-0816,49,419
M,307-0027,36,441
W,939-2604,27,351
W,329-2751,58,992
W,923-0062,39,117
W,400-0027,51,484
W,241-0003,26,311
W,792-0826,23,282
W,731-2203,36,066
W,035-0084,53,088
M,162-0855,37,976
M,288-0061,34,080
W,018-5712,59,540
M,019-0111,58,072
W,571-0054,40,748
M,418-0034,59,103
W,581-0083,48,460
W,798-0035,38,660
W,701-1335,49,305
W,529-1665,53,618
M,692-0325,50,169
W,869-4302,29,710
M,818-0105,33,113
M,329-3126,24,911
M,857-0862,36,493
M,840-0824,54,580
M,763-0222,33,444
W,521-0312,55,128
W,952-0605,57,238
W,649-7202,32,524
M,351-0104,56,828
M,781-8111,49,620
W,377-0805,20,461
W,951-8067,37,878
M,036-0336,53,035
W,692-0213,58,838
M,604-8182,37,606
M,849-3219,56,152
W,322-0007,25,908
M,201-0013,48,943
W,376-0144,34,230
W,992-0584,54,220
W,737-0301,29,049
W,736-0046,47,493
W,100-0006,24,619
W,399-1502,43,864
W,863-2172,36,749
W,003-0875,58,852
W,899-4462,25,429
M,769-0104,21,542
W,150-0021,32,733
M,361-0076,49,506
M,763-0031,25,556
W,819-1573,41,606
M,682-0152,33,322
W,989-0552,25,162
W,897-0009,46,452
W,162-0855,48,189
W,629-0161,48,228
W,252-0253,57,648
M,824-0216,27,659
M,068-0051,54,852
W,798-0030,54,156
M,761-3110,38,393
W,630-0263,49,112
W,736-0086,24,153
W,426-0212,48,634
W,569-0041,26,155
W,941-0014,37,803
M,381-2353,22,179
W,699-0205,51,263
M,937-0865,40,546
W,522-0063,59,023
W,840-0502,28,618
W,870-0108,27,813
M,939-0323,50,810
W,635-0063,54,979
W,950-1244,25,622
M,510-8001,53,614
M,637-0117,58,648
W,502-0813,30,974
W,601-1357,39,692
W,288-0012,24,566
M,515-0123,42,209
M,513-0003,45,256
W,696-0005,34,777
M,189-0002,36,545
W,729-4101,44,389
M,939-1877,54,492
W,377-0103,42,414
W,036-0356,58,947
W,396-0030,47,716
M,946-0125,30,388
W,824-0215,21,511
W,785-0608,32,345
W,781-5605,52,999
M,669-1121,28,112
W,841-0203,56,438
W,879-6758,35,304
W,819-0011,56,300
W,350-0422,41,580
M,569-0846,46,334
W,370-1601,48,823
W,750-0415,34,812
M,736-0087,47,264
W,649-6551,28,065
W,791-3151,33,680
W,018-1746,47,216
M,422-8019,25,103
W,403-0022,35,1000
M,480-1178,44,110
W,328-0204,56,407
M,693-0506,56,510
W,999-8422,50,191
W,798-4202,34,580
W,640-8216,23,020
M,679-2412,33,185
M,370-0005,26,754
M,780-0082,40,330
W,405-0055,41,416
W,245-0021,52,187
W,942-0127,20,779
W,760-0053,44,412
M,253-0024,49,053
M,260-0801,25,512
M,560-0011,32,304
W,919-0443,33,159
W,370-0048,24,843
M,415-0531,48,156
W,350-1134,34,874
M,699-1343,55,882
W,669-6833,41,518
M,408-0114,23,554
M,297-0138,45,934
W,702-8016,54,743
W,322-0009,47,187
W,615-8207,37,445
W,781-2136,50,177
M,039-0507,53,380
W,986-0122,55,067
M,509-4205,20,187
W,529-0352,48,368
M,631-0073,29,153
M,859-4531,38,558
W,321-0218,41,468
W,969-6076,59,253
M,017-0868,33,052
M,321-4323,36,046
W,023-1101,24,695
M,640-8206,31,870
W,846-0041,39,183
M,088-1107,45,941
M,963-0123,20,544
W,683-0102,21,229
M,701-2143,50,834
W,299-2503,31,359
W,290-0508,46,190
W,379-1115,22,555
W,769-0319,38,089
W,407-0001,59,972
W,301-0852,53,463
M,785-0413,29,142
M,100-0006,28,179
M,329-0414,54,590
W,413-0509,55,476
W,640-8385,40,739
W,016-0814,33,953
W,639-3106,21,147
M,684-0025,22,874
M,690-3514,25,208
W,311-1115,54,810
W,697-0303,42,544
M,755-0056,37,183
W,088-0344,39,869
W,869-0611,31,141
M,421-0123,47,881
W,689-4133,40,459
W,933-0203,51,920
M,975-0045,20,436
W,746-0055,57,901
M,690-3204,28,392
W,680-1432,40,061
M,078-4120,56,133
W,847-0012,24,985
W,400-0608,47,406
M,698-2141,41,877
M,046-0132,22,507
M,106-0045,37,679
W,399-1503,41,008
W,817-0031,23,689
M,689-3323,59,190
M,779-4803,40,799
M,313-0064,51,293
M,637-1555,59,414
W,781-5106,50,917
W,604-0042,25,027
W,471-0852,47,485
M,847-0851,28,409
M,501-1121,55,949
M,259-1306,39,172
W,640-8328,39,201
W,300-0061,44,951
W,503-0874,42,448
W,380-0881,55,743
M,606-0078,37,320
W,926-0026,33,246
M,039-2311,49,883
M,336-0964,49,513
M,329-0226,23,731
M,444-0067,53,808
W,732-0016,32,462
W,904-2162,21,991
M,868-0303,42,848
W,982-0847,20,944
W,737-0163,41,980
M,306-0223,50,580
M,447-0073,25,404
M,806-0052,27,403
M,727-0621,31,997
W,759-2223,34,949
M,638-0232,39,782
W,327-0032,20,105
W,919-0531,27,307
M,861-4205,24,849
M,707-0501,30,412
M,680-0606,21,989
W,959-2116,48,990
W,418-0114,35,988
W,901-0204,49,228
W,745-0865,55,281
W,319-3538,52,314
W,756-0812,40,566
M,893-0056,44,885
M,422-8052,30,413
W,182-0036,38,548
M,997-1113,24,629
W,721-0911,56,060
M,730-0846,53,222
W,384-2204,59,090
M,939-0315,46,880
M,882-0244,52,045
M,266-0002,43,572
M,680-0525,37,531
M,400-0835,24,525
M,107-0061,40,015
W,792-0828,55,750
W,989-4515,39,219
M,503-0894,36,343
W,709-2664,44,482
W,739-2311,36,190
M,516-0015,39,362
W,699-1243,38,250
W,960-0463,38,867
W,874-0947,48,773
W,914-0134,52,564
W,519-0114,53,349
W,350-0235,25,666
W,889-4602,21,101
M,678-0163,33,999
W,649-6206,30,487
W,446-0003,45,718
W,569-1051,53,005
W,763-0002,41,099
M,987-0402,39,201
W,331-0077,39,412
W,049-3501,28,719
M,893-1603,45,362
W,341-0002,36,959
M,326-0814,50,343
M,703-8235,37,077
W,640-8238,42,085
W,526-0277,25,893
W,475-0926,37,331
W,574-0023,51,638
W,329-2161,47,437
W,438-0114,38,581
M,740-0031,32,223
W,739-0664,25,652
W,515-1503,22,382
M,701-2622,56,392
W,818-0021,41,950
W,901-0232,20,990
M,799-1605,39,279
W,855-0872,47,951
W,992-0581,40,958
W,160-0005,55,999
M,669-2504,24,223
W,360-0237,23,590
M,028-1321,45,025
M,420-0851,40,369
W,866-0855,32,345
W,080-0837,22,050
W,569-1133,31,262
M,880-0877,20,318
W,996-0085,55,033
W,787-0001,26,872
M,847-0302,55,073
M,630-8315,42,441
W,288-0836,32,006
W,930-0358,32,245
W,899-5111,33,501
W,321-4216,38,876
W,690-0875,31,676
M,600-8147,37,280
W,979-1171,27,822
W,389-0104,35,168
M,501-1528,58,552
W,863-0102,31,414
W,639-1127,30,600
M,847-0313,29,332
M,780-8021,36,922
W,043-1117,36,673
M,500-8442,49,198
M,918-8156,25,924
W,960-0659,30,510
W,669-6544,51,705
W,859-0313,41,971
W,290-0524,41,666
M,335-0026,54,852
W,292-0054,25,037
W,987-2228,33,008
M,942-0112,53,270
W,607-8144,31,108
W,501-0124,59,152
M,729-3307,26,377
W,785-0047,22,497
W,847-0133,22,629
W,100-0006,55,133
M,877-1225,48,520
M,390-1241,50,018
W,713-8112,56,918
W,421-0131,32,790
M,018-2662,20,689
W,881-0003,30,263
M,851-1201,21,235
W,690-0035,28,915
M,979-1171,47,320
M,454-0836,23,841
M,428-0102,39,173
W,502-0824,33,142
M,370-0065,41,584
M,989-3212,54,263
W,708-0317,49,179
M,329-0602,51,711
M,861-3802,26,746
M,744-0051,58,054
W,005-0018,35,747
W,778-5251,57,680
W,019-1803,27,374
W,819-0383,50,474
M,882-0045,40,274
M,722-1731,55,569
M,015-0062,57,933
M,692-0403,30,327
W,859-4768,58,459
W,893-0009,43,264
W,407-0262,39,495
M,273-0136,58,574
M,862-0944,23,586
W,731-2324,49,739
M,389-0517,38,588
M,987-2355,42,359
W,868-0055,55,670
M,458-0042,35,452
M,321-0903,22,116
W,869-1115,32,975
M,696-0223,44,717
M,484-0869,34,946
M,691-0073,21,125
W,811-3104,54,1000
W,920-0214,48,284
M,325-0075,20,663
M,561-0882,49,815
M,690-0017,25,155
W,649-3164,25,876
M,658-0027,24,261
W,379-1617,43,654
M,491-0852,20,473
W,986-0752,29,542
W,399-2561,35,429
M,018-3205,58,964
M,781-4415,31,751
W,928-0053,20,736
M,088-1139,32,208
W,995-0055,57,522
W,904-2231,56,093
W,018-4741,54,809
M,928-0226,22,133
W,370-0504,58,183
W,491-0068,42,231
M,378-0407,35,193
W,690-0012,30,850
W,979-2124,55,423
W,851-2126,54,158
W,522-0242,28,348
M,604-0914,41,873
W,923-0805,32,990
W,514-0122,56,675
M,314-0102,53,128
M,438-0019,36,839
W,719-1164,35,783
W,036-8241,54,533
W,621-0254,45,908
W,852-8031,37,527
M,430-0945,43,084
M,926-0046,35,507
M,849-5262,31,966
M,794-0073,42,518
M,789-1707,34,282
W,920-0007,26,789
W,630-0116,29,095
W,761-0904,35,367
W,415-0155,50,914
M,378-0404,24,864
W,039-2613,25,122
M,581-0091,51,874
M,791-8057,55,892
W,315-0063,48,366
W,719-3224,32,889
M,395-0015,26,590
W,059-2418,31,423
M,580-0025,27,517
W,509-6114,53,378
M,822-0124,37,917
W,929-1606,54,109
M,162-0855,41,234
M,662-0828,30,687
M,980-0872,57,200
W,922-0034,43,174
W,850-0822,42,840
M,931-8322,44,058
W,354-0007,57,858
M,919-1506,48,616
W,905-0217,53,936
W,068-0413,52,758
W,745-0616,53,104
W,870-0817,31,045
W,814-0014,42,633
W,386-1108,47,971
W,648-0083,55,231
W,553-0006,59,167
M,929-2364,44,055
W,321-2331,53,663
W,950-0942,27,523
M,899-0204,40,006
M,292-0822,55,712
M,696-0701,39,433
W,683-0801,29,792
M,743-0009,27,085
W,967-0313,31,836
W,251-0052,32,205
W,712-8034,25,214
W,669-6101,23,142
M,840-0004,59,925
W,919-0409,49,241
M,957-0346,24,142
W,071-0261,29,339
M,403-0007,33,883
M,740-0027,30,765
W,598-0056,27,138
M,895-0044,50,671
M,740-0301,36,113
M,933-0224,54,901
M,400-0061,36,219
M,761-0704,49,934
W,399-9211,30,482
W,879-6222,46,875
M,876-0034,22,113
W,666-0212,52,609
W,028-8401,29,893
W,997-0361,43,781
W,871-0161,34,112
M,511-0434,32,571
W,100-0006,28,600
W,567-0821,45,888
M,428-0418,29,232
M,981-0105,49,841
M,254-0042,39,402
W,039-0135,28,984
M,689-0605,58,227
W,804-0074,21,155
M,605-0019,25,563
M,761-1708,48,477
M,901-3112,25,752
W,567-0818,57,913
M,761-4424,40,712
W,873-0424,30,933
W,669-1221,54,097
M,070-8007,47,252
W,162-0855,30,343
M,986-0824,34,283
W,904-2205,24,092
W,599-0225,23,624
M,847-1413,43,255
M,567-0076,22,989
W,399-0744,51,761
W,257-0041,56,067
M,933-0017,56,774
W,934-0025,27,818
W,410-0241,55,790
M,679-5317,36,513
W,920-2143,40,251
M,904-0314,39,013
W,649-2326,58,823
W,078-1744,28,771
W,731-5132,24,926
W,713-8112,40,521
W,752-0933,59,172
W,680-0935,32,657
M,819-0030,54,427
W,815-0031,43,412
W,728-0624,29,611
W,750-0042,25,116
W,241-0814,24,135
M,939-2256,40,373
W,894-0412,24,423
W,770-0903,52,245
M,212-0001,37,874
M,649-6219,41,363
W,329-2806,40,019
W,324-0002,58,201
M,666-0238,33,284
M,783-0034,27,030
W,014-0022,51,520
M,928-0254,34,066
M,712-8032,47,063
M,013-0315,58,578
W,870-0014,36,627
W,769-1104,27,837
M,408-0104,45,523
W,408-0111,45,353
W,648-0015,38,763
W,517-0023,23,251
W,781-1745,33,149
W,305-0854,56,297
W,029-5511,50,179
W,696-1132,37,943
M,868-0066,51,109
M,323-0831,24,472
W,220-0002,27,408
W,160-0021,24,763
M,720-1411,52,997
M,781-4212,26,527
W,804-0031,24,052
W,861-4203,22,947
W,957-0351,49,914
M,630-8344,42,139
M,606-8352,40,167
W,450-0003,53,773
M,526-0108,44,663
M,358-0055,44,127
W,756-0824,21,500
W,039-2822,57,278
W,028-8401,51,315
W,854-0016,21,685
W,649-0131,47,030
W,640-0402,27,397
M,384-2102,35,953
W,513-0831,57,900
M,712-8041,24,678
W,950-3343,56,502
W,379-1403,21,520
M,400-0005,43,182
W,393-0077,35,202
W,874-0837,50,631
W,986-1312,39,408
M,515-2614,50,964
W,781-4247,56,095
M,849-3131,43,672
M,925-0025,31,650
W,511-0809,28,320
M,682-0123,32,687
M,511-0939,57,341
W,989-5381,39,203
M,519-4561,25,488
W,895-1812,21,495
W,719-1316,42,195
M,421-1307,35,725
W,511-0848,58,963
M,360-0214,40,845
W,515-0002,23,811
W,162-0855,43,692
M,759-2223,36,271
M,462-0842,59,167
M,088-1404,35,747
W,699-5517,58,978
M,036-8127,45,776
M,870-0885,22,317
W,781-3704,36,838
W,023-1112,54,553
W,519-1128,35,454
M,347-0031,48,892
M,079-0274,42,270
M,355-0044,21,295
W,520-2166,26,708
M,157-0077,45,155
M,221-0862,36,470
W,246-0001,45,939
W,922-0250,46,598
W,381-2705,33,746
W,680-0872,28,455
W,723-0003,31,718
W,959-2073,29,452
M,859-5116,26,154
W,868-0095,58,253
W,500-8123,55,709
W,969-6256,41,076
M,841-0087,38,791
W,100-0006,35,681
M,817-1223,42,345
M,019-1921,28,324
W,327-0507,56,406
M,015-0074,51,021
M,768-0061,51,751
M,636-0221,53,334
W,679-2302,28,779
M,542-0083,25,562
W,670-0028,44,689
W,781-5614,40,474
W,661-0025,38,310
M,920-2125,32,017
M,410-2313,51,625
W,399-5609,27,596
W,739-2318,49,072
M,270-1522,30,783
W,589-0036,59,401
M,154-0003,46,087
W,510-0952,35,769
W,501-0525,32,055
W,078-2123,28,363
M,034-0013,35,289
W,999-8436,55,654
W,901-2212,26,269
W,898-0015,50,258
M,639-1161,29,504
M,881-1123,20,163
M,039-4157,20,250
M,665-0065,26,851
W,918-8135,37,758
W,939-1353,53,622
W,041-1251,38,776
M,771-1703,49,746
W,754-0022,32,777
M,997-0036,22,448
W,961-0012,43,406
M,689-0423,45,573
W,637-1225,56,234
W,604-8155,46,717
M,927-2115,23,004
M,857-2418,31,502
W,020-0881,28,111
W,640-8024,54,694
W,386-0601,38,108
W,300-1277,36,348
M,633-0424,30,238
W,916-0272,56,697
W,779-3505,33,011
M,849-1412,48,013
W,355-0222,31,882
M,348-0053,52,890
M,689-1215,49,081
M,939-1975,40,262
M,742-1104,41,285
M,021-0011,36,815
W,998-0035,59,282
M,839-0864,58,028
M,409-2213,35,222
W,640-8297,39,600
W,503-0213,53,012
W,376-0143,49,780
W,676-0804,38,148
W,972-8321,55,490
M,901-0401,33,387
W,305-0054,37,207
W,409-2933,57,110
M,860-0845,53,941
W,904-0032,30,971
M,571-0050,32,952
W,766-0203,27,982
W,644-1201,21,280
W,673-0401,58,044
M,861-0381,23,850
M,713-8124,36,627
M,901-0312,41,643
M,943-0897,53,378
W,731-5136,42,689
M,037-0401,32,777
W,780-0054,52,209
W,969-4113,52,639
W,824-0042,43,830
W,763-0066,21,947
W,327-0837,24,233
W,506-1154,50,729
W,402-0223,23,559
W,839-1221,55,563
W,322-0027,23,309
M,367-0115,38,963
W,857-0135,37,842
M,029-4434,45,116
W,014-0044,45,895
W,697-0631,45,873
W,719-1116,57,658
W,869-1236,31,114
M,779-3620,55,095
W,260-0025,40,542
W,879-5404,44,112
M,744-0014,26,609
M,899-5301,45,931
W,796-0024,41,921
W,901-0602,27,455
M,739-2207,30,501
M,321-0968,59,226
M,422-8078,50,847
W,709-4623,20,793
W,903-0813,39,044
M,421-2303,57,993
M,812-0873,25,556
W,905-1202,35,569
W,183-0035,52,413
M,916-1102,58,505
W,930-0996,30,240
W,020-0677,59,996
W,363-0024,45,230
M,981-3407,43,800
W,885-0081,28,364
W,468-0072,22,785
W,061-1421,37,475
M,410-2325,49,190
M,646-0047,36,038
M,520-1431,29,393
W,212-0022,26,501
W,643-0365,53,373
W,028-3203,42,237
M,623-0054,40,128
W,037-0065,34,538
W,670-0028,39,993
W,694-0042,31,366
M,529-0344,52,561
W,038-3614,38,412
W,019-1937,29,777
M,606-8153,22,470
W,321-3301,50,502
M,689-3115,28,119
W,016-0804,44,019
W,030-0915,41,896
W,778-0205,52,043
W,716-0034,25,568
W,675-1314,48,146
W,933-0353,38,920
M,734-0061,31,375
M,871-0704,40,717
W,336-0973,53,102
W,592-8343,43,474
W,992-0342,33,567
W,098-3212,56,955
M,350-1321,57,754
W,791-2111,37,354
W,763-0006,33,174
W,527-0202,58,137
M,577-0846,48,726
M,689-5673,37,026
W,761-8061,39,440
M,515-0125,28,730
W,986-0821,47,602
W,247-0004,21,044
W,997-0351,31,137
M,683-0023,57,029
W,606-8356,57,571
M,245-0011,48,119
W,840-2103,54,296
W,787-0013,28,099
W,630-0214,23,134
W,399-5503,40,336
M,708-0314,49,711
M,861-4614,29,452
W,098-5801,52,028
M,300-0418,21,598
M,745-0814,54,902
M,901-2211,30,401
W,371-0244,31,108
W,220-0002,40,888
W,680-1203,22,889
M,603-8116,49,122
M,880-0917,53,752
W,779-3405,25,599
W,014-0302,42,487
M,919-0801,59,469
W,091-0001,57,373
W,770-0872,42,890
M,289-1701,23,478
W,300-4426,37,499
W,891-2121,51,778
M,036-1323,57,213
W,226-0002,57,596
M,283-0823,21,393
M,849-5112,52,564
W,883-0034,26,533
M,657-0052,45,857
W,086-1656,22,127
W,328-0106,30,709
W,484-0028,26,450
M,737-0841,39,510
W,409-3604,37,494
M,739-2405,56,012
M,221-0821,22,564
M,370-2611,37,734
W,712-8038,32,951
W,880-0002,53,658
W,070-0058,25,300
W,381-2234,59,981
W,072-0823,22,582
W,781-1101,56,128
W,278-0045,40,941
W,781-4212,52,285
W,930-1464,43,473
W,959-3204,30,161
W,502-0937,41,392
M,221-0864,44,373
M,836-0091,49,397
M,857-0055,48,628
W,771-1240,25,301
W,768-0024,38,227
W,253-0056,23,637
W,850-0916,23,570
W,518-1317,34,875
W,710-0833,27,311
M,315-0007,26,156
W,960-0428,45,738
W,950-0001,35,585
W,029-3206,54,542
M,880-0943,58,466
M,816-0906,57,170
M,933-0308,45,818
W,620-0001,53,605
M,927-1212,24,175
W,929-0326,45,912
M,027-0342,26,179
M,719-3144,25,925
M,319-2103,37,774
W,636-0102,39,373
M,969-3412,55,823
W,959-2675,40,049
M,939-0121,41,760
W,669-6715,46,286
M,944-0133,23,045
W,300-3257,35,153
M,961-0991,35,322
W,893-0056,51,730
W,684-0413,29,787
W,898-0088,24,468
M,910-0123,40,597
M,849-1101,30,285
W,501-0303,22,381
M,988-0151,59,046
M,270-2211,39,674
W,370-0612,57,850
W,103-0011,20,427
W,208-0021,46,153
M,380-0825,56,373
M,787-0301,35,990
W,762-0051,31,977
M,926-0225,33,274
W,529-0432,41,236
M,745-0861,39,287
M,154-0015,39,782
W,100-0006,39,315
W,701-0164,56,789
M,840-0201,35,599
M,847-0817,35,887
W,399-7103,21,034
W,732-0011,43,803
M,795-0051,29,123
M,378-0001,54,568
M,689-1107,59,645
W,018-4735,50,056
M,105-0011,45,528
W,061-1131,39,170
W,669-1532,39,258
W,327-0231,20,201
W,859-0151,56,599
M,018-3118,20,324
M,781-4242,36,594
W,105-0011,40,602
W,015-0884,39,731
M,919-0484,52,509
W,649-6112,53,120
M,612-0074,57,444
W,464-0834,27,722
W,753-0087,27,167
M,939-2741,59,669
M,452-0962,40,955
W,519-2158,32,266
W,606-8003,54,605
W,311-1111,55,296
W,160-0005,53,709
M,919-0114,26,844
W,780-8013,57,159
M,791-8025,48,402
W,393-0064,30,177
W,028-7628,27,956
W,243-0433,51,209
M,680-0054,55,954
W,927-2286,46,666
W,436-0072,58,990
W,088-0341,46,795
W,321-4401,37,236
W,891-8117,34,936
M,835-0022,54,290
W,863-2503,41,995
W,987-2131,33,491
W,215-0013,49,629
W,607-8027,45,836
W,071-0224,51,215
M,895-0043,27,628
M,689-1466,59,562
M,694-0431,34,282
W,077-0208,36,678
M,298-0024,38,751
M,898-0087,32,614
W,421-2303,44,200
W,999-7745,42,984
M,036-0243,52,608
M,770-0872,34,631
M,959-2002,58,038
M,877-1383,49,741
W,990-2351,52,794
M,871-0016,27,384
W,883-0066,43,890
W,854-0516,54,342
M,689-0424,49,170
M,901-2317,40,367
W,028-6853,54,044
M,020-0137,59,464
W,794-2104,49,830
M,515-0019,38,592
W,860-0086,46,097
W,300-1283,26,122
M,243-0037,45,559
M,640-1253,46,410
M,306-0014,37,431
M,649-3514,25,520
M,015-0838,43,242
M,745-0816,22,983
W,370-0866,36,191
M,399-7403,34,458
M,400-0103,21,675
W,763-0224,25,621
W,603-8131,40,784
W,981-0111,27,921
M,389-1311,55,539
M,936-0811,33,077
W,847-1515,31,650
M,475-0869,21,612
W,028-7402,46,140
W,905-2269,44,857
M,880-2111,39,717
M,848-0134,40,710
M,321-2717,59,134
M,769-1108,59,660
M,243-0418,56,911
W,791-0131,54,187
M,520-1803,34,193
M,162-0855,31,103
M,680-1156,37,681
W,869-3174,39,037
W,699-0702,30,601
W,899-0205,58,438
W,564-0039,22,223
W,404-0035,49,705
W,106-0045,30,381
M,426-0045,33,833
M,502-0046,28,648
M,879-0855,58,828
W,986-0314,34,498
W,410-2501,35,471
W,739-2504,32,495
M,948-0023,26,369
W,238-0245,25,492
W,640-8404,52,227
M,889-3203,57,536
W,408-0018,26,873
W,819-1625,30,194
M,942-1536,30,537
M,756-0881,34,725
M,969-6571,34,099
W,509-1616,36,460
M,325-0116,28,193
M,435-0001,50,804
M,999-7661,43,034
W,019-1106,25,784
M,857-0852,20,534
W,015-0815,45,351
M,400-0047,36,348
M,861-5254,34,364
W,039-2613,48,610
M,689-0517,49,203
M,884-0103,51,378
W,378-0403,46,199
M,737-0861,24,528
M,014-0327,48,212
W,742-2803,59,357
W,771-0203,40,971
M,857-4602,29,874
W,998-0103,54,755
W,870-1114,49,414
W,631-0072,21,653
W,879-0501,44,472
M,879-6132,24,887
W,053-0814,41,749
M,300-1613,29,406
W,769-0302,27,338
M,844-0006,28,710
W,020-0044,59,277
M,069-1452,51,489
M,862-0906,36,142
W,849-4171,59,442
W,616-8294,44,931
W,969-3113,53,902
W,882-0874,55,100
M,969-0267,26,310
W,011-0902,45,760
M,853-0063,21,496
W,866-0011,21,816
M,636-0206,44,878
W,520-1132,32,850
M,963-4433,29,383
W,081-0163,29,766
M,969-6042,22,878
M,194-0214,40,560
W,311-1427,56,009
W,321-0525,26,245
M,910-2551,39,410
W,780-0902,34,152
M,824-0021,21,306
M,905-0026,36,079
W,853-0052,30,732
W,699-0824,28,931
W,103-0004,56,986
M,861-4123,24,329
M,511-1106,30,775
W,329-1101,55,086
W,781-3402,52,730
M,614-8041,50,054
M,763-0072,24,421
M,329-0501,37,994
M,415-0024,59,710
W,405-0052,47,865
W,606-0027,45,282
M,501-1107,50,263
W,945-0014,59,522
M,760-0023,49,222
M,038-3131,39,511
W,895-2708,57,070
M,791-8025,49,299
M,309-1734,42,655
M,413-0703,26,787
W,320-0837,59,131
W,834-0003,51,535
W,519-2171,20,692
M,162-0855,53,950
W,792-0862,43,677
W,867-0031,22,077
M,936-0843,24,022
W,840-1101,39,014
W,602-8446,42,989
M,899-3511,49,498
W,932-0812,26,825
W,643-0075,46,188
M,981-0905,26,743
W,645-0028,26,611
W,606-8302,43,522
W,409-3422,57,710
M,392-0011,21,560
W,647-0073,45,571
W,755-0807,45,706
M,457-0025,52,223
M,786-0023,32,705
W,939-2163,36,648
M,933-0247,49,786
W,869-1204,38,292
W,231-0038,54,095
W,861-3202,38,003
M,523-0004,34,114
M,400-0015,49,991
W,405-0077,44,498
W,849-2303,58,980
W,379-0203,28,752
M,014-0016,47,096
M,927-2353,54,943
M,438-0086,30,438
M,259-0317,32,369
W,319-1536,54,824
W,849-5121,58,884
W,511-0437,49,009
M,689-3424,47,374
W,635-0153,38,158
M,850-0963,59,217
M,640-8290,25,308
M,520-0525,38,765
W,503-0856,39,725
W,529-0112,30,901
M,036-0172,33,816
M,729-5813,42,848
M,877-0043,27,918
M,880-0211,49,137
W,381-3303,28,295
M,409-3436,44,933
M,700-0843,41,315
M,680-0904,57,445
W,919-1316,28,237
W,709-4311,44,772
M,859-6316,43,663
M,098-2201,42,234
W,271-0061,37,855
M,910-0846,20,016
M,805-0011,36,832
M,500-8857,43,563
W,683-0214,26,536
M,784-0032,37,116
M,730-0836,39,672
W,510-0814,49,309
W,899-2434,47,318
W,314-0017,37,525
M,854-0301,24,335
W,615-8136,38,346
W,919-0441,31,986
M,925-0025,46,368
W,872-0527,45,028
M,551-0001,50,205
W,753-0061,27,074
W,637-0003,21,169
W,990-0822,34,553
W,616-8153,54,403
M,400-0121,38,777
M,436-0013,44,534
W,683-0054,29,557
M,761-0102,44,745
M,630-8014,39,458
M,150-0021,41,053
W,920-0175,58,485
W,701-1132,34,360
M,407-0261,21,317
W,329-2161,51,915
M,699-0203,50,301
W,509-1601,44,589
M,714-0056,28,168
W,868-0081,40,272
W,029-5619,38,768
M,998-0014,49,430
W,391-0106,48,420
M,922-0671,34,639
W,656-0442,24,134
W,910-2151,30,004
M,390-0812,51,715
M,863-1202,27,089
M,098-4140,31,476
W,896-0041,53,843
M,795-0069,38,033
W,634-0033,31,054
W,579-8005,59,411
W,870-0303,40,008
M,411-0945,48,401
W,679-4143,31,772
M,987-0445,23,684
W,781-1515,59,190
M,819-0387,24,416
M,811-5324,50,524
M,355-0015,38,663
W,389-0403,33,911
W,399-7416,42,370
M,529-0434,36,563
M,523-0058,58,024
M,779-0315,21,102
W,036-0132,29,037
W,430-0808,27,278
M,779-1241,28,446
W,899-6404,54,575
M,336-0973,50,260
M,849-1322,49,072
W,683-0312,38,920
M,957-0222,48,270
W,162-0855,23,201
M,446-0064,35,171
W,404-0043,59,261
W,969-1113,48,761
W,520-1837,27,777
W,859-3706,38,219
W,391-0004,31,504
M,959-3251,37,454
M,872-0104,23,773
W,989-4307,57,643
W,615-8156,44,349
M,914-0317,49,578
M,035-0111,47,336
W,528-0212,26,708
M,031-0058,48,286
W,716-0051,51,074
M,742-1514,22,065
M,682-0846,47,149
M,682-0151,29,156
M,300-2313,26,360
W,841-0043,59,577
W,905-0026,34,753
M,717-0103,40,085
W,902-0064,59,952
W,861-3832,53,888
W,630-8053,58,818
W,649-5137,31,029
W,030-0112,43,648
W,640-1115,32,481
W,959-2445,27,112
W,893-1102,26,709
W,370-3117,46,352
W,458-0035,52,644
W,787-0035,25,956
W,252-0146,50,305
M,367-0253,32,167
W,989-2433,22,722
W,068-2168,56,181
W,849-4161,48,414
M,670-0093,34,914
M,617-0828,51,709
W,396-0303,30,970
W,020-0633,51,798
W,969-5335,33,509
W,989-0253,53,072
W,701-2205,39,221
W,755-0037,50,445
M,300-2456,29,203
M,990-0522,37,346
M,871-0406,48,705
W,277-0843,56,840
W,761-4431,40,533
W,408-0306,28,043
M,861-4135,52,749
W,689-3318,26,098
M,870-1138,22,902
W,882-0094,55,162
W,358-0044,55,210
M,795-0307,29,761
M,714-0001,31,207
W,993-0035,43,388
M,742-0426,24,771
M,943-0421,42,563
W,368-0012,33,337
W,861-3904,31,477
M,722-1417,55,037
M,904-0417,53,806
M,370-2205,25,826
W,861-4165,40,206
W,726-0011,29,132
W,899-7306,55,206
W,740-0001,47,508
W,920-1151,54,701
W,747-0401,43,150
W,329-4412,45,070
W,350-1163,39,035
W,520-1803,24,007
M,635-0816,40,958
M,971-8182,38,167
M,409-1502,36,335
W,882-0062,44,461
M,602-8148,45,916
W,720-0805,25,740
W,739-0013,53,063
M,693-0036,34,348
W,716-0044,29,813
M,744-0032,23,476
W,861-0426,51,604
W,832-0016,30,149
M,800-0324,25,409
M,389-0802,59,099
M,468-0065,21,789
W,988-0534,51,437
W,689-2103,56,411
M,866-0823,22,298
M,824-0601,27,786
M,731-5161,40,859
W,701-0153,45,958
W,606-0052,46,965
W,959-2629,35,805
W,970-1372,28,705
M,684-0401,22,203
M,922-0404,35,323
M,700-0815,23,556
M,778-0205,49,953
M,382-0004,27,670
W,427-0001,47,034
W,232-0075,37,146
W,965-0136,51,868
W,738-0601,38,563
W,038-2502,47,411
W,410-3512,20,261
M,833-0041,39,997
W,868-0003,51,800
M,956-0854,25,970
W,892-0835,56,532
M,744-0071,31,317
W,376-0144,56,620
M,869-0534,23,261
W,737-0863,45,869
W,250-0866,29,658
M,668-0052,50,164
W,915-0034,53,366
W,933-0822,57,191
W,639-2163,42,047
M,383-0054,58,923
M,382-0073,38,149
W,930-0924,34,268
W,700-0851,35,674
W,881-1233,58,298
M,656-1734,43,165
W,684-0054,57,528
W,321-3535,51,485
M,689-0524,34,288
M,993-0012,39,397
W,929-0112,57,184
M,880-0817,43,773
W,520-3432,52,931
W,854-0501,36,552
W,328-0103,25,321
W,630-2223,21,134
W,612-8042,45,129
W,384-1105,31,473
W,381-2357,34,280
W,510-0051,38,596
W,366-0007,31,628
M,847-0305,59,244
M,389-0111,37,993
W,039-2568,37,376
W,028-0544,30,033
M,355-0121,51,1000
M,939-2254,57,638
W,523-0819,47,134
M,917-0014,57,868
W,897-0131,57,493
W,386-0156,54,045
W,376-0022,41,959
M,615-8064,51,591
W,729-4106,20,655
M,929-2242,26,826
M,739-2311,31,246
M,527-0213,53,750
M,304-0026,55,513
W,516-0802,31,593
W,321-4357,34,055
M,859-4303,49,660
M,020-0547,38,581
M,607-8032,41,380
M,099-1427,50,526
M,756-0044,53,103
W,720-0075,33,981
M,372-0801,39,100
W,230-0027,39,660
M,526-0206,31,125
M,602-0018,29,269
W,054-0005,52,939
W,855-0833,38,389
W,319-2106,39,995
W,730-0835,20,586
W,999-7314,55,704
W,250-0877,27,720
W,880-0851,22,075
M,648-0201,26,705
W,880-1103,59,313
W,020-0842,28,896
W,864-0057,50,342
M,220-0002,54,628
W,771-1341,38,325
W,964-0302,20,089
M,779-1117,38,792
W,786-0521,37,527
M,018-0722,56,311
W,635-0064,30,947
W,080-1189,40,624
M,676-0807,43,692
M,927-0604,33,848
W,527-0002,32,877
W,375-0056,30,699
M,962-0502,56,772
W,868-0082,48,509
W,785-0611,45,262
W,861-4633,26,412
M,737-2635,33,802
M,740-0063,39,657
M,633-2227,39,250
W,879-5524,41,548
M,023-0821,48,608
W,781-3601,26,092
M,997-0856,56,969
M,989-2361,53,721
W,796-0051,26,137
W,714-1404,26,734
W,529-1223,46,749
W,633-2431,56,688
W,839-1203,28,456
W,771-1154,42,528
W,406-0854,36,053
W,028-6223,58,624
W,737-2614,40,491
M,360-0804,35,505
W,701-2522,47,175
W,639-2201,51,057
M,516-0004,52,163
M,028-0107,41,511
M,779-4802,28,347
M,106-0044,35,683
M,731-1142,52,159
M,422-8031,43,854
W,250-0205,27,255
W,709-2334,48,933
M,293-0012,42,290
W,760-0076,56,078
W,162-0855,28,357
M,851-3303,44,904
W,485-0065,38,021
M,755-0028,32,054
W,770-0941,42,383
M,847-0067,48,233
M,699-1324,24,291
W,899-5304,38,981
W,771-1613,41,594
W,039-3213,59,813
W,981-4212,41,399
M,319-3536,48,081
W,299-3218,47,658
W,861-0311,50,902
W,811-2245,56,983
W,867-0023,32,928
W,769-2312,22,863
M,400-0213,49,256
W,384-1403,52,958
W,400-0867,59,048
M,630-0142,56,004
W,692-0036,58,823
M,847-1104,34,751
W,695-0006,53,615
W,891-0403,36,104
M,531-0062,40,254
W,739-1733,30,828
W,028-3624,35,660
W,649-3143,37,964
M,979-3203,33,608
M,470-1214,42,032
W,910-1222,58,355
M,518-0221,51,438
W,569-0811,48,347
M,752-0961,23,675
M,483-8101,25,436
W,689-3318,29,436
W,648-0099,25,507
M,020-0585,43,652
W,933-0863,37,977
M,778-0105,35,482
M,924-0075,27,344
W,270-0213,38,291
W,964-0432,46,919
W,779-3405,25,052
W,994-0052,59,858
W,969-4106,37,056
M,916-0086,34,312
M,021-0885,57,657
W,099-0402,22,793
W,738-0222,46,539
M,799-1507,51,151
W,678-0082,55,336
W,020-0122,39,552
M,321-1102,25,488
W,919-0806,40,137
W,982-0826,52,325
M,979-3202,53,467
M,020-0833,20,567
M,652-0016,27,459
M,367-0214,23,733
W,349-1201,52,702
M,038-3103,26,829
M,925-0031,21,200
W,501-0111,57,513
M,350-0438,59,631
W,511-0934,42,430
M,857-2304,25,783
W,030-1711,51,398
M,673-1125,50,254
W,012-0024,23,864
M,664-0005,37,990
W,108-0073,26,887
M,990-1122,51,669
W,716-0203,21,851
W,923-0975,30,361
M,939-0535,24,243
W,912-0076,50,168
M,329-3441,20,897
W,928-0333,28,563
W,447-0003,22,469
M,044-0035,47,549
W,881-1411,53,480
W,780-0822,50,875
W,891-3114,42,327
W,878-0033,27,061
W,989-0908,51,731
M,634-0008,25,746
M,905-0218,45,878
W,946-0006,36,467
W,959-3423,36,488
W,036-0155,46,075
M,321-4102,30,727
M,329-3143,52,843
W,299-5252,20,687
M,039-2214,33,382
W,038-0052,49,685
W,885-1202,58,918
M,501-2565,35,837
M,946-0107,25,611
W,961-0935,23,254
M,300-1544,26,102
M,925-0202,42,785
W,370-0612,29,779
W,736-0088,24,954
M,731-0122,32,420
M,410-0313,51,520
M,647-1325,48,264
W,861-0546,25,188
M,903-0806,51,830
W,288-0845,34,199
M,470-2511,39,574
W,322-0345,40,127
W,838-0816,42,879
W,453-0805,25,352
W,879-6223,35,769
M,323-0104,52,144
W,381-1221,58,956
M,669-2602,44,457
W,406-0001,28,916
M,881-0022,39,220
W,770-8056,29,442
W,340-0112,52,364
W,038-2205,58,411
M,939-1652,44,642
M,252-0024,31,691
M,005-0014,39,482
W,779-5331,37,169
M,873-0206,40,943
M,237-0065,34,403
M,028-0664,42,512
W,647-1234,29,758
W,899-4317,30,144
W,707-0416,24,096
W,770-0872,38,152
W,630-8402,53,723
W,690-0045,39,177
M,721-0961,36,627
M,251-0876,59,309
M,647-1234,37,509
W,036-0145,54,330
W,506-2118,37,148
W,326-0052,31,064
W,374-0068,43,547
W,882-0083,58,375
W,483-8106,33,392
W,761-8077,53,522
M,927-0603,51,339
W,955-0064,37,054
W,048-0614,41,514
W,329-1333,36,573
W,752-0923,32,310
W,963-4115,25,293
W,859-4535,23,284
W,644-0212,55,913
W,969-6544,23,189
W,302-0119,23,178
W,988-0373,54,611
M,430-0843,45,403
M,791-3301,28,266
W,252-0222,59,254
W,526-0261,35,687
W,616-8481,52,088
M,881-0016,55,249
W,689-4136,47,014
W,747-0012,42,496
W,236-0024,30,038
M,227-0065,21,699
M,586-0001,33,870
M,667-0313,52,232
M,162-0855,40,757
W,769-0102,20,833
M,731-0524,27,456
M,018-3144,38,516
W,028-6222,32,204
M,369-1505,35,515
W,260-0812,31,636
W,795-0024,44,197
M,300-1258,20,817
W,981-3607,27,825
W,984-0802,54,109
M,880-0057,52,747
W,857-4705,29,323
M,238-0054,49,957
W,733-0874,52,368
M,893-0035,47,896
W,036-0326,22,525
M,847-0024,46,693
M,683-0052,21,654
W,875-0211,49,357
M,509-3114,36,795
W,020-0611,36,672
W,914-0056,36,631
W,507-0826,42,186
M,377-0052,54,878
M,089-3726,52,355
M,455-0046,47,187
W,899-4313,21,127
W,656-1512,22,946
W,020-0733,38,589
W,989-5612,35,524
W,939-0546,53,589
M,781-1162,56,431
W,529-1609,38,741
W,329-3121,34,888
M,501-3731,57,569
W,761-4434,41,432
M,304-0046,59,846
M,981-3218,23,505
M,381-3204,50,770
M,990-2175,49,911
W,933-0244,49,024
W,903-0101,26,210
W,500-8416,49,231
W,929-2213,54,675
M,989-5161,50,132
M,907-0003,58,358
M,015-0085,34,734
M,791-0214,41,099
W,881-1231,56,807
W,787-0301,38,544
M,900-0015,39,017
W,990-0411,22,185
W,912-0217,42,810
M,761-2101,28,504
M,989-1753,57,304
W,923-1204,54,874
W,322-0014,29,450
W,190-0181,54,946
W,940-2123,42,217
W,510-8003,47,392
M,999-7701,42,695
W,399-7401,56,318
M,769-2514,50,318
W,536-0014,49,628
W,299-2701,38,220
M,685-0301,35,366
M,840-0863,57,918
M,737-0054,49,738
M,028-7564,45,705
W,763-0084,31,731
W,011-0915,28,815
M,690-0814,29,143
W,299-0268,24,349
W,779-3407,20,482
W,898-0037,54,143
W,418-0065,59,551
M,775-0203,49,583
W,013-0477,44,504
M,979-0226,51,932
W,849-3102,51,422
W,542-0085,48,232
M,880-2234,22,006
M,243-0803,25,105
M,333-0868,34,756
M,885-0019,40,891
W,790-0055,54,750
M,441-8073,40,478
W,518-0771,46,792
W,501-2103,43,156
M,503-0536,46,922
W,940-2025,28,987
W,904-0303,50,778
W,684-0106,40,671
W,503-2216,53,327
W,904-2215,34,815
W,362-0063,56,703
M,691-0024,31,228
W,847-1401,32,369
W,899-1303,43,190
M,669-1545,25,544
M,337-0006,23,225
M,079-0267,56,375
W,099-6411,53,129
W,912-0203,20,756
M,374-0031,31,251
M,966-0103,38,899
W,606-0029,36,015
M,811-5136,35,629
M,982-0211,42,646
W,924-0042,36,414
M,868-0016,59,072
W,792-0004,38,572
W,997-0752,31,956
W,409-3104,40,099
M,314-0002,44,685
M,018-1618,32,101
W,384-1404,37,130
W,861-2223,51,587
M,377-1523,47,853
W,779-0108,30,899
M,028-3312,54,530
W,437-0005,28,015
M,916-1104,23,121
W,384-0613,23,642
M,582-0024,28,360
W,907-0001,54,602
W,381-1235,56,331
W,511-0251,33,327
W,372-0003,48,652
W,029-4207,46,744
M,928-0331,59,403
W,027-0202,27,883
M,671-4203,22,231
W,238-0003,57,802
W,781-1626,42,465
W,639-2303,21,236
W,729-5743,37,846
M,310-0033,55,249
W,254-0018,48,430
W,849-0315,33,365
W,891-1414,34,252
M,867-0047,56,096
W,463-0024,21,428
W,692-0027,34,185
W,779-3401,44,020
W,660-0093,55,059
M,028-7501,43,589
M,882-0085,56,011
W,030-0937,28,311
W,393-0093,29,737
M,680-1213,51,039
M,889-0515,41,500
W,964-0925,23,780
W,037-0404,27,057
W,880-0031,48,730
W,771-1402,47,449
M,028-8401,50,063
M,810-0071,56,702
W,761-1612,46,834
W,569-0065,31,996
W,630-0252,42,333
M,910-0349,35,591
W,640-1363,47,205
W,501-4455,29,467
W,252-0221,45,647
W,930-0832,36,344
M,790-0806,48,965
W,699-0612,43,624
W,799-1534,47,180
W,889-1612,43,715
M,784-0002,45,365
W,880-0867,25,326
M,542-0083,51,303
M,771-1302,44,038
W,514-0081,36,1000
M,603-8454,31,812
W,653-0827,53,637
W,761-0613,21,646
M,563-0022,57,808
W,370-0884,46,605
W,939-1535,36,044
M,969-3288,55,277
W,671-0233,34,094
W,901-3806,29,301
W,321-1425,44,981
W,806-0001,30,569
W,374-0065,50,885
W,404-0204,48,013
W,319-3102,31,923
M,708-1222,23,018
W,570-0062,25,517
M,970-0111,29,760
W,857-0879,26,091
W,960-0429,54,316
W,511-0825,21,132
M,509-4114,46,137
M,092-0222,22,897
W,036-8253,33,408
M,250-0125,51,107
W,930-0884,32,215
W,987-0443,56,787
M,959-3431,26,275
M,937-0862,58,289
W,518-0464,46,751
W,989-5131,35,962
W,871-0033,55,293
W,409-2216,49,553
M,793-0034,49,406
M,270-1105,45,351
M,489-0817,48,406
M,695-0152,26,971
M,519-3663,37,942
W,930-1322,45,939
W,899-0501,28,223
M,321-4353,20,131
M,923-1201,36,501
W,010-0972,55,553
M,988-0083,47,621
M,746-0027,21,720
M,683-0212,36,851
M,513-0804,24,688
W,771-4101,27,765
W,039-3164,35,107
M,919-1321,22,890
W,901-2102,48,275
W,026-0055,22,607
M,763-0064,51,126
W,301-0835,38,138
M,872-0505,27,582
W,893-0015,36,615
W,234-0054,29,305
W,760-0072,57,275
M,685-0305,44,681
W,731-2107,41,789
M,036-0173,23,251
W,790-0964,57,311
W,098-5826,34,794
W,987-2354,23,151
M,389-2243,29,845
W,612-8423,32,017
M,501-6022,27,921
M,510-1236,35,002
M,981-0936,22,581
W,788-0030,59,697
W,247-0055,52,312
W,805-0066,47,796
W,140-0012,49,278
W,950-1144,33,804
W,259-1316,40,297
W,729-1321,25,151
W,849-0101,56,491
W,612-0837,47,162
W,257-0005,56,069
W,637-1106,42,991
W,865-0101,30,003
W,796-8037,53,174
W,784-0046,51,071
M,640-8253,49,685
M,997-0323,34,733
W,306-0614,43,675
M,421-2101,42,946
W,400-0827,50,990
M,298-0225,34,783
M,910-2204,57,424
W,315-0029,30,376
W,286-0005,41,087
W,411-0047,57,953
M,935-0262,24,596
W,066-0002,44,583
W,740-0301,51,305
W,857-1175,29,470
W,010-0111,40,392
M,926-0015,32,226
W,374-0102,29,639
M,905-0414,40,873
W,514-0815,49,180
M,678-0226,57,998
W,891-8325,37,068
W,320-0867,56,266
W,239-0820,28,755
M,763-0033,20,489
W,755-0008,41,896
W,847-0861,42,864
W,783-0076,39,272
W,033-0113,26,523
W,441-1328,20,035
W,341-0034,52,400
W,679-4233,25,088
M,682-0861,24,909
M,800-0055,44,707
M,779-1111,22,546
M,108-0073,30,938
W,400-0811,34,710
M,640-8056,41,137
M,573-1114,48,460
W,390-0813,43,918
W,761-0121,55,538
W,329-2754,21,948
M,231-0832,54,178
W,901-2424,50,212
M,789-1903,22,869
W,973-8406,57,745
M,901-0155,38,008
W,857-0021,34,833
W,812-0067,25,979
M,036-0412,44,354
M,501-0101,53,532
W,698-2254,37,122
W,745-0045,57,384
M,740-1222,39,388
W,036-0203,22,757
M,162-0855,32,920
M,861-3455,28,592
M,384-0702,53,104
W,505-0075,24,991
M,811-0117,34,567
W,948-0073,21,558
W,990-2373,24,995
W,509-6115,41,576
M,771-2502,54,459
W,456-0066,33,116
M,990-1164,27,079
W,698-2252,49,908
M,933-0915,55,476
W,600-8197,32,356
W,455-0861,53,524
W,680-0421,52,715
W,250-0123,52,809
W,778-5251,59,181
M,729-1212,36,327
W,761-0321,44,427
W,636-0212,47,513
M,520-3426,31,566
W,905-0604,30,761
W,937-0814,56,452
M,922-0134,26,148
M,990-2306,25,171
M,520-3435,44,127
M,744-0017,42,525
M,880-0004,32,074
M,512-0921,49,021
W,930-1406,48,630
M,959-4505,39,677
W,602-8055,48,208
W,238-0222,38,734
W,851-0132,39,038
M,840-0003,39,880
W,700-0837,20,551
M,680-1206,34,067
W,409-1205,55,981
W,857-0038,50,448
W,949-5121,25,953
M,785-0016,37,490
M,239-0845,33,794
M,509-7126,31,819
M,599-8234,45,215
M,899-2311,48,653
M,963-7851,34,680
M,699-1516,50,342
W,406-0833,40,445
W,638-0043,31,515
W,581-0834,46,393
W,437-0613,20,913
M,984-0072,32,192
W,799-3463,44,743
M,863-1201,58,887
M,501-0121,48,305
W,259-0123,21,401
W,630-0215,28,676
M,452-0961,58,633
W,321-0106,23,352
M,603-8333,27,711
W,876-1511,34,419
W,252-0329,40,500
W,792-0823,52,861
M,785-0775,41,151
W,990-2305,50,341
W,999-6721,25,042
M,798-1375,42,643
M,640-8009,54,093
M,384-1103,54,563
W,958-0874,45,771
M,146-0082,44,386
M,899-3305,35,259
W,907-1434,24,019
W,603-8106,39,587
W,990-0062,45,653
W,669-2531,44,834
W,520-0821,48,271
W,470-2349,32,710
W,290-0025,29,539
M,699-3214,25,369
W,794-0815,57,643
W,427-0045,36,664
W,301-0015,48,049
W,256-0801,55,781
W,519-0412,40,030
M,300-4532,21,964
W,861-4201,37,622
W,651-2251,50,179
W,918-8061,52,787
W,680-0202,49,786
W,940-2132,26,189
M,415-0033,29,930
M,180-0002,52,280
W,620-0939,40,313
W,454-0011,35,798
W,156-0053,48,664
M,323-1104,29,419
M,212-0015,34,899
W,244-0001,46,582
W,071-8142,41,459
M,304-0002,49,851
W,417-0013,29,151
W,013-0207,34,856
M,930-0067,43,441
M,300-0063,25,492
M,669-2425,37,439
W,685-0411,48,393
W,924-0042,49,120
M,259-1113,56,690
W,959-1936,22,967
M,018-0301,58,702
M,466-0044,53,610
M,655-0021,49,945
W,516-1534,35,933
W,899-4103,30,579
W,329-0222,49,118
W,617-0822,34,730
W,732-0063,53,728
M,989-6463,59,940
M,911-0047,51,462
W,669-2702,50,577
M,483-8322,26,346
M,690-0013,48,237
W,799-2646,36,564
W,969-6114,37,888
W,299-2725,43,584
W,500-8487,55,661
M,859-1214,26,653
W,412-0023,48,012
M,690-2522,43,880
M,870-0161,20,146
W,771-1702,49,786
W,400-0853,57,935
W,515-0325,45,263
W,029-4207,45,431
W,644-0032,47,473
W,890-0066,27,243
W,895-0075,21,244
W,606-0931,36,340
M,966-0838,46,463
W,506-0021,56,668
W,018-0431,35,984
W,919-0545,31,680
M,061-1104,45,650
W,755-0014,28,962
M,932-0314,22,909
M,850-0803,38,618
W,253-0104,31,471
M,959-2004,39,076
M,990-1122,39,301
W,869-0604,46,576
M,851-0245,41,583
W,374-0012,24,933
M,680-1242,38,398
W,776-0034,52,596
M,020-0664,53,582
W,791-0508,43,827
W,861-0603,29,858
M,387-0024,33,216
M,010-0533,26,220
M,632-0017,34,844
W,099-0875,43,455
M,350-0229,47,008
W,883-1601,40,485
M,916-0202,22,326
W,939-2162,56,508
W,637-1214,56,197
W,682-0641,41,391
W,779-3502,20,077
W,739-0654,27,700
W,586-0003,52,525
M,840-0024,29,412
M,701-2511,33,865
W,374-0044,42,937
M,221-0053,48,817
W,515-0202,54,761
W,691-0034,43,022
M,018-2406,26,083
M,837-0925,34,841
M,769-2520,58,436
W,373-0056,59,111
W,640-8008,23,673
W,880-0908,54,269
W,038-3634,48,168
M,781-5602,23,641
M,323-0823,27,992
W,719-1101,25,018
M,297-0155,44,610
M,016-0103,47,775
M,632-0015,49,892
M,861-4206,39,995
M,405-0004,39,517
W,484-0084,57,583
W,691-0062,43,243
M,606-8266,45,437
M,529-1208,31,555
W,521-1345,23,888
M,633-2105,25,775
W,924-0884,28,726
M,325-0056,37,071
W,769-2311,37,214
M,690-2521,48,651
W,718-0001,56,538
W,511-0204,33,875
W,894-0015,40,625
W,523-0045,27,757
M,354-0016,33,791
W,682-0711,53,204
W,895-2501,57,441
W,904-2245,28,941
M,635-0832,37,693
W,719-1321,43,108
M,395-0046,30,110
M,028-6812,23,973
M,761-8044,30,347
M,020-0703,48,059
W,937-0037,21,067
W,720-0838,36,428
W,019-0513,20,227
W,861-3834,58,226
M,839-1205,30,491
M,323-0067,35,243
W,503-0622,49,948
W,452-0913,52,306
M,030-0921,55,089
M,052-0301,55,961
W,855-0035,58,758
W,986-0743,51,384
W,811-5541,38,986
W,767-0031,36,065
M,321-3226,25,066
M,039-4221,43,916
W,708-1216,21,004
M,681-0061,39,562
M,320-0003,45,839
M,699-5213,59,768
W,743-0072,42,703
M,783-0013,48,798
W,940-0011,22,639
W,932-0806,21,235
W,860-0034,36,325
M,610-1106,37,050
W,800-0046,44,745
M,879-2603,40,413
W,393-0011,55,047
M,879-4123,23,399
W,226-0001,58,955
M,039-1557,56,837
W,821-0012,36,274
M,400-0035,34,026
W,699-2515,46,449
W,019-0521,43,165
W,581-0002,30,619
W,999-1421,23,695
W,501-3235,46,598
W,045-0003,36,444
W,288-0011,51,434
W,910-2516,55,195
W,501-3927,35,808
W,192-0041,23,015
W,870-1110,59,729
W,259-0124,21,541
M,807-0012,36,426
M,699-0555,29,821
M,270-0012,29,148
W,860-0023,27,757
M,300-4501,56,894
W,027-0031,39,272
W,849-4151,24,316
W,887-0001,29,262
W,060-0020,33,126
W,500-8461,22,103
W,631-0844,56,602
M,979-1423,49,919
W,501-3807,32,052
W,264-0035,54,834
W,100-0006,54,174
M,680-0131,59,530
W,739-0411,45,503
M,630-0133,33,169
W,515-2612,32,316
M,327-0516,55,722
W,920-2331,55,143
W,945-1112,45,679
M,779-3620,22,414
W,698-0024,50,364
W,925-0012,29,654
M,300-0034,56,348
W,560-0043,59,646
M,683-0362,26,405
W,412-0005,39,733
M,789-0252,33,908
M,520-0833,33,100
W,633-2212,20,172
W,689-0702,55,208
W,981-0211,22,856
W,408-0117,36,600
W,379-1301,59,793
M,963-4204,55,800
M,847-1107,26,193
W,915-1231,52,674
M,861-4223,34,008
W,630-8347,52,208
W,485-0033,32,762
W,905-0005,42,097
M,838-1502,52,113
W,689-0216,40,929
W,254-0082,34,910
M,028-4125,35,991
W,981-4261,58,796
W,791-2125,22,473
W,779-3620,28,540
W,790-0801,23,224
W,409-3431,28,742
W,089-4335,55,810
W,521-0313,47,381
W,689-5543,54,124
W,987-2184,38,008
M,438-0086,58,598
W,859-4814,44,934
M,669-2153,41,108
W,639-0255,59,362
W,988-0283,56,738
W,693-0064,33,397
W,252-0022,40,348
M,723-0012,35,588
M,437-0621,48,996
W,905-1631,35,215
W,274-0063,30,299
W,408-0318,34,564
W,025-0304,29,308
M,683-0204,59,692
W,669-6954,36,229
W,699-5637,44,350
M,024-0084,41,654
W,763-0022,48,629
W,747-0052,49,087
W,779-3112,37,616
W,039-3129,46,764
M,338-0011,29,785
M,415-0303,56,995
W,350-1242,20,929
W,799-2423,43,603
M,500-8465,55,935
W,849-2341,31,723
W,640-8399,57,254
W,739-0147,49,886
W,771-2502,37,880
W,438-0111,53,813
M,739-0303,33,446
M,036-8223,45,518
W,689-2311,29,558
W,847-0072,23,748
W,988-0182,26,258
W,799-0650,48,680
W,849-0304,43,347
W,989-6415,42,493
M,910-0143,53,613
M,510-8032,54,746
M,878-0206,51,842
M,848-0408,45,129
W,939-1426,58,678
W,684-0005,55,866
M,406-0805,45,550
M,983-0036,42,363
W,292-1144,38,722
W,251-0043,49,105
W,310-0818,26,324
W,511-0284,26,146
W,026-0051,47,951
W,071-8165,44,681
